Reference,Invoice,External Reference,Create Date,Validated Date,Amount Usd,Fee amount USD,Local Amount,Local Fee Amount,Local VAT,Local Original Amount,Local Currency,Exchange Rate,Country,User account,EXTRAE,Payment Method,Payment Method Name,Payment Method Type,Status,FechaMin,DiasDesdeFechaMin,CohortGroup,CohortPeriod,Pais,Plan,Duracion,ID
T-57873-806f62c5-1b33-447c-b8d5-1f22940d7b2a,CO-P1-1-905016,314318860,2022-11-15 18:06:49,2022-11-15 18:06:49,9.42,0.55,48571.0,2817.118,0.0,0.0,COP,5153.508,CO,b8bd2e47-6894-43bc-8b06-828c1f5e14e3,1-1-,VI,Visa,CREDIT_CARD,PAID,2022-11-15 18:06:49,0,0,0,CO,P1,1.0,905016
T-57873-e657e684-04b4-45da-9238-15a5f0b67670,CO-P1-1-797574,645164,2022-11-15 20:12:43,0,9.42,0.55,48571.0,2817.118,0.0,0.0,COP,5153.508,CO,d5546710-9d69-11eb-b47d-4b54aeff4379,1-1-,MC,Mastercard,CREDIT_CARD,REJECTED,2022-11-15 20:12:43,0,0,0,CO,P1,1.0,797574
T-57873-606763b7-5be0-4d8b-986d-53ca854c349e,CO-P1-1-957533,650113,2022-11-15 20:14:07,2022-11-15 20:14:07,9.42,0.55,48571.0,2817.118,0.0,0.0,COP,5153.508,CO,d5546710-9d69-11eb-b47d-4b54aeff4379,1-1-,MC,Mastercard,CREDIT_CARD,PAID,2022-11-15 20:14:07,0,0,0,CO,P1,1.0,957533
REF-57873-36f23ba4-9e4f-4f53-b42f-33b5d1104406,CO-P1-1-957533,0,2022-11-15 20:14:51,2022-11-30 15:15:01,9.42,1.0,48571.0,0.0,0.0,0.0,COP,0.0,CO,0,1-1-,MC,Mastercard,CREDIT_CARD,REFUNDED,2022-11-15 20:14:51,0,0,0,CO,P1,1.0,957533
T-57873-0bd72bed-8975-40e8-9a4f-bd388883fdce,CO-P1-1-548551,90307,2022-11-15 22:45:38,0,9.42,0.55,48571.0,2817.118,0.0,0.0,COP,5153.508,CO,f476d6f9-fca2-4b58-86e8-30f969826f7e,1-1-,MD,MasterCard Debit,DEBIT_CARD,REJECTED,2022-11-15 22:45:38,0,0,0,CO,P1,1.0,548551
T-57873-4704e616-df5e-4477-bd6b-4a7076bc65f0,CO-P1-1-464612,92250,2022-11-15 22:46:13,0,9.42,0.55,48571.0,2817.118,0.0,0.0,COP,5153.508,CO,f476d6f9-fca2-4b58-86e8-30f969826f7e,1-1-,MD,MasterCard Debit,DEBIT_CARD,REJECTED,2022-11-15 22:46:13,0,0,0,CO,P1,1.0,464612
T-57873-11d1ca53-9afc-4773-8d54-27e8aad45082,CO-P1-1-835306,718926,2022-11-16 02:08:49,2022-11-16 02:08:48,9.42,0.55,48571.0,2817.118,0.0,0.0,COP,5153.508,CO,075d02b0-c46d-11eb-b747-9f1b81eaed9f,1-1-,MD,MasterCard Debit,DEBIT_CARD,PAID,2022-11-16 02:08:49,0,0,0,CO,P1,1.0,835306
T-57873-fa0fe933-76b4-41c7-abe6-7924386c5a25,CO-P1-1-785492,209979598,2022-11-16 02:26:41,2022-11-16 02:26:41,9.42,0.55,48571.0,2817.118,0.0,0.0,COP,5153.508,CO,46c43d6c-abfa-4982-8b90-f89b6870b5e4,1-1-,VD,Visa Debit,DEBIT_CARD,PAID,2022-11-16 02:26:41,0,0,0,CO,P1,1.0,785492
T-57873-37637ce9-3794-4e74-848a-d23d84728bdc,CO-P1-1-701014,314406820,2022-11-16 04:51:23,2022-11-16 04:51:23,9.42,0.55,48571.0,2817.118,0.0,0.0,COP,5153.508,CO,607aeac9-4952-4d0f-a747-964cc04cfa4a,1-1-,VD,Visa Debit,DEBIT_CARD,PAID,2022-11-16 04:51:23,0,0,0,CO,P1,1.0,701014
T-57873-5c815843-2ef0-4554-9506-23b8f56a6489,CO-P1-1-782311,209991091,2022-11-16 05:15:57,2022-11-16 05:15:57,9.42,0.55,48571.0,2817.118,0.0,0.0,COP,5153.508,CO,d4e371b0-7be7-11eb-9883-25d0e34be10c,1-1-,VD,Visa Debit,DEBIT_CARD,PAID,2022-11-16 05:15:57,0,0,0,CO,P1,1.0,782311
T-57873-52c9a193-04aa-415b-892c-6d2c86d69147,CO-P1-1-279870,928200,2022-11-16 14:46:32,2022-11-16 14:46:31,9.33,0.54,48571.0,2817.118,0.0,0.0,COP,5203.275,CO,27253a8d-db6e-453d-ba2b-bd3555e91626,1-1-,MD,MasterCard Debit,DEBIT_CARD,PAID,2022-11-16 14:46:32,0,0,0,CO,P1,1.0,279870
T-57873-bfe725c5-fa16-4c06-a290-ff3ea88cb897,CO-P1-1-417489,314469812,2022-11-16 17:04:07,2022-11-16 17:04:06,9.25,0.54,48571.0,2817.118,0.0,0.0,COP,5250.9644,CO,25481e52-04ed-47fd-9d08-4d5039a8e804,1-1-,VD,Visa Debit,DEBIT_CARD,PAID,2022-11-16 17:04:07,0,0,0,CO,P1,1.0,417489
T-57873-b9f4288e-38d5-4b73-b35c-df9633fa0dc7,CO-P1-1-713871,728810,2022-11-16 19:59:59,2022-11-16 19:59:58,9.25,0.54,48571.0,2817.118,0.0,0.0,COP,5253.7204,CO,8fbf1d40-3764-11ec-8461-897519430930,1-1-,MD,MasterCard Debit,DEBIT_CARD,PAID,2022-11-16 19:59:59,0,0,0,CO,P1,1.0,713871
T-57873-de1d4d9a-d081-4a8a-a0e7-49c4fe0044b8,CO-P1-1-380807,844389,2022-11-16 20:42:32,2022-11-16 20:42:32,9.25,0.54,48571.0,2817.118,0.0,0.0,COP,5253.7204,CO,0847c640-110e-11ec-adf7-83defb62b140,1-1-,MD,MasterCard Debit,DEBIT_CARD,PAID,2022-11-16 20:42:32,0,0,0,CO,P1,1.0,380807
T-57873-26891046-6373-44a6-824c-17d3047b70b8,CO-P1-1-618378,210110649,2022-11-17 04:05:52,2022-11-17 04:05:52,9.25,0.54,48571.0,2817.118,0.0,0.0,COP,5253.7204,CO,5b7fad3b-6c0f-48b9-8637-f4c85a8fbb9d,1-1-,VD,Visa Debit,DEBIT_CARD,PAID,2022-11-17 04:05:52,0,0,0,CO,P1,1.0,618378
T-57873-33ff4809-82eb-451b-babc-404536fcd798,CO-P1-1-809311,982437,2022-11-17 14:26:21,2022-11-17 14:26:21,9.08,0.53,48571.0,2817.118,0.0,0.0,COP,5351.2722,CO,7294844c-50f9-4968-91be-16ec7f2d027b,1-1-,MD,MasterCard Debit,DEBIT_CARD,PAID,2022-11-17 14:26:21,0,0,0,CO,P1,1.0,809311
T-57873-4997cf86-89a6-4abe-be61-41d016f53c5f,CO-P1-1-877459,210169700,2022-11-17 17:56:32,2022-11-17 17:56:31,9.16,0.53,48571.0,2817.118,0.0,0.0,COP,5303.7206,CO,524ca491-0f42-4c7e-8803-7df08a20343b,1-1-,AE,American Express,CREDIT_CARD,PAID,2022-11-17 17:56:32,0,0,0,CO,P1,1.0,877459
T-57873-316738de-196d-46f3-97df-9097647c01c9,CO-P1-1-546112,210223169,2022-11-18 02:33:34,2022-11-18 02:33:33,9.17,0.53,48571.0,2817.118,0.0,0.0,COP,5298.6644,CO,205eb650-a19c-11eb-b561-e3ec92f8088e,1-1-,VD,Visa Debit,DEBIT_CARD,PAID,2022-11-18 02:33:34,0,0,0,CO,P1,1.0,546112
T-57873-e02693d2-71bb-442a-bb1e-c9e4f6251ba1,CO-P1-1-892346,536781,2022-11-18 16:15:16,2022-11-18 16:15:16,9.18,0.53,48571.0,2817.118,0.0,0.0,COP,5289.1456,CO,a5624c60-5fa1-11ec-abe8-11fd304dd41e,1-1-,MC,Mastercard,CREDIT_CARD,PAID,2022-11-18 16:15:16,0,0,0,CO,P1,1.0,892346
T-57873-fed36f02-c55f-4a8f-a57c-75370ee4d587,CO-P1-1-297561,46739,2022-11-19 00:20:00,2022-11-19 00:19:59,9.18,0.53,48571.0,2817.118,0.0,0.0,COP,5293.64,CO,8b8d08f0-836a-11eb-a049-e7c22a3b4b41,1-1-,MC,Mastercard,CREDIT_CARD,PAID,2022-11-19 00:20:00,0,0,0,CO,P1,1.0,297561
T-57873-77e889b3-e9a4-45f6-a354-4675c461e0b3,CO-P1-1-582853,136733,2022-11-19 00:45:27,2022-11-19 00:45:27,9.18,0.53,48571.0,2817.118,0.0,0.0,COP,5293.64,CO,b7359f80-23a0-11ec-9918-918a0f97d5a0,1-1-,MD,MasterCard Debit,DEBIT_CARD,PAID,2022-11-19 00:45:27,0,0,0,CO,P1,1.0,582853
T-57873-ee2f16d3-2dec-47c9-8f92-3d71721073ab,CO-P1-1-291828,210558901,2022-11-21 01:18:03,2022-11-21 01:18:02,9.18,0.53,48571.0,2817.118,0.0,0.0,COP,5293.6188,CO,91ee2924-b526-45ed-b970-7d6ab91403fe,1-1-,VI,Visa,CREDIT_CARD,PAID,2022-11-21 01:18:03,0,0,0,CO,P1,1.0,291828
T-57873-e9a899b4-adb2-40ce-a21f-9e2ffa3742b1,CO-P1-1-196450,990355,2022-11-21 13:43:32,2022-11-21 13:43:31,9.16,0.53,48571.0,2817.118,0.0,0.0,COP,5304.9184,CO,299413e0-7ad1-11ec-a305-f9f354161a64,1-1-,MC,Mastercard,CREDIT_CARD,PAID,2022-11-21 13:43:32,0,0,0,CO,P1,1.0,196450
T-57873-c2ac9dc5-1705-4e0c-9562-2ed4d6ffbac9,CO-P1-1-726540,211582469,2022-11-27 21:56:22,2022-11-27 21:56:22,9.41,0.55,48571.0,2817.118,0.0,0.0,COP,5164.0338,CO,460b16ee-6d5c-4448-9446-827a58c888fa,1-1-,VD,Visa Debit,DEBIT_CARD,PAID,2022-11-27 21:56:22,0,0,0,CO,P1,1.0,726540
T-57873-e1777214-365a-4db6-8b68-489919be7ffb,CO-P1-1-304527,211639898,2022-11-28 04:35:01,0,9.41,0.55,48571.0,2817.118,0.0,0.0,COP,5164.0338,CO,008c2849-8cba-452a-a254-0cea68db53ba,1-1-,VI,Visa,CREDIT_CARD,REJECTED,2022-11-28 04:35:01,0,0,0,CO,P1,1.0,304527
T-57873-887787b6-3541-4223-bab6-2eac3495051f,CO-P1-1-369795,965861,2022-11-28 04:37:36,2022-11-28 04:37:36,9.41,0.55,48571.0,2817.118,0.0,0.0,COP,5164.0338,CO,008c2849-8cba-452a-a254-0cea68db53ba,1-1-,MD,MasterCard Debit,DEBIT_CARD,PAID,2022-11-28 04:37:36,0,0,0,CO,P1,1.0,369795
T-57873-8ae89374-fc0d-4f2f-acf0-d40d755c1377,CO-P1-1-785188,962026,2022-11-28 15:55:51,2022-11-28 15:55:51,9.47,0.55,48571.0,2817.118,0.0,0.0,COP,5127.7606,CO,ed577666-ce25-42cf-8340-034be53b0cd3,1-1-,MC,Mastercard,CREDIT_CARD,PAID,2022-11-28 15:55:51,0,0,0,CO,P1,1.0,785188
T-57873-a39150ab-bf82-4571-956f-dfa92eb2058c,CO-P1-1-506423,24652,2022-11-28 16:22:43,2022-11-28 16:22:43,9.47,0.55,48571.0,2817.118,0.0,0.0,COP,5129.3082,CO,1b9ec1b0-ed89-11eb-854c-dd1f3177fb16,1-1-,MD,MasterCard Debit,DEBIT_CARD,PAID,2022-11-28 16:22:43,0,0,0,CO,P1,1.0,506423
T-57873-7c6853d2-375c-4688-a63b-d06836ee8d63,CO-P1-1-946411,990807,2022-11-29 04:58:21,2022-11-29 04:58:20,9.47,0.55,48571.0,2817.118,0.0,0.0,COP,5130.4,CO,f476d6f9-fca2-4b58-86e8-30f969826f7e,1-1-,MD,MasterCard Debit,DEBIT_CARD,PAID,2022-11-29 04:58:21,0,0,0,CO,P1,1.0,946411
T-57873-2944b647-78d9-4e2f-a140-841468c6c82c,CO-P1-1-367796,318947239,2022-12-18 06:30:44,2022-12-18 06:30:44,9.56,0.55,48571.0,2817.118,0.0,0.0,COP,5080.792,CO,205eb650-a19c-11eb-b561-e3ec92f8088e,1-1-,no,VD,Visa Debit,DEBIT_CARD,2022-12-18 06:30:44,0,0,0,CO,P1,1.0,367796
T-57873-cfe10f34-22b0-4670-b6f7-4e5f27d5540d,CO-P1-1-414174,213892860,2022-12-18 06:30:44,2022-12-18 06:30:44,9.56,0.55,48571.0,2817.118,0.0,0.0,COP,5080.792,CO,524ca491-0f42-4c7e-8803-7df08a20343b,1-1-,no,AE,American Express,CREDIT_CARD,2022-12-18 06:30:44,0,0,0,CO,P1,1.0,414174
T-57873-79da1131-4a43-4d0e-b308-394b351688a5,CO-P1-1-828670,763091,2022-12-18 06:30:44,2022-12-18 06:30:44,9.56,0.55,48571.0,2817.118,0.0,0.0,COP,5080.792,CO,7294844c-50f9-4968-91be-16ec7f2d027b,1-1-,no,MD,MasterCard Debit,DEBIT_CARD,2022-12-18 06:30:44,0,0,0,CO,P1,1.0,828670
T-57873-e6d03b82-6155-43aa-be33-a60a950df297,CO-P1-1-132403,318947243,2022-12-18 06:30:46,0,9.56,0.55,48571.0,2817.118,0.0,0.0,COP,5080.792,CO,b8bd2e47-6894-43bc-8b06-828c1f5e14e3,1-1-,no,VI,Visa,CREDIT_CARD,2022-12-18 06:30:46,0,0,0,CO,P1,1.0,132403
T-57873-71883693-d4b5-4f32-a1e9-711fcc2d5063,CO-P1-1-918743,946613,2022-12-19 06:30:42,0,9.56,0.55,48571.0,2817.118,0.0,0.0,COP,5080.7708,CO,a5624c60-5fa1-11ec-abe8-11fd304dd41e,1-1-,no,MC,Mastercard,CREDIT_CARD,2022-12-19 06:30:42,0,0,0,CO,P1,1.0,918743
T-57873-60afd090-cb57-466a-a1c0-ad1d4c09cf25,CO-P1-1-149414,946599,2022-12-19 06:30:43,2022-12-19 06:30:42,9.56,0.55,48571.0,2817.118,0.0,0.0,COP,5080.7708,CO,b7359f80-23a0-11ec-9918-918a0f97d5a0,1-1-,no,MD,MasterCard Debit,DEBIT_CARD,2022-12-19 06:30:43,0,0,0,CO,P1,1.0,149414
T-57873-11e40d9b-8964-4da4-8067-4e4d5ab2bcd9,CO-P1-1-705991,213992569,2022-12-19 06:30:46,0,9.56,0.55,48571.0,2817.118,0.0,0.0,COP,5080.7708,CO,25481e52-04ed-47fd-9d08-4d5039a8e804,1-1-,no,VD,Visa Debit,DEBIT_CARD,2022-12-19 06:30:46,0,0,0,CO,P1,1.0,705991
T-57873-ac469cff-bbd8-48d6-862f-d276c74ddaea,CO-P1-1-218280,213992572,2022-12-19 06:30:51,0,9.56,0.55,48571.0,2817.118,0.0,0.0,COP,5080.7708,CO,8b8d08f0-836a-11eb-a049-e7c22a3b4b41,1-1-,no,MC,Mastercard,CREDIT_CARD,2022-12-19 06:30:51,0,0,0,CO,P1,1.0,218280
T-57873-995c75e2-2bfd-474a-9a44-a0196a6c12ba,CO-P1-1-207601,165558,2022-12-21 06:30:42,0,9.6,0.56,48571.0,2817.118,0.0,0.0,COP,5060.811,CO,a5624c60-5fa1-11ec-abe8-11fd304dd41e,1-1-,no,MC,Mastercard,CREDIT_CARD,2022-12-21 06:30:42,0,0,0,CO,P1,1.0,207601
T-57873-70671c7a-3073-4a22-9eeb-843cb7825351,CO-P1-1-547427,319381898,2022-12-21 06:30:43,2022-12-21 06:30:43,9.6,0.56,48571.0,2817.118,0.0,0.0,COP,5060.811,CO,91ee2924-b526-45ed-b970-7d6ab91403fe,1-1-,no,VI,Visa,CREDIT_CARD,2022-12-21 06:30:43,0,0,0,CO,P1,1.0,547427
T-57873-7bdedef7-64b1-4437-a6cd-9547d8a10490,CO-P1-1-922625,319381902,2022-12-21 06:30:48,0,9.6,0.56,48571.0,2817.118,0.0,0.0,COP,5060.811,CO,8b8d08f0-836a-11eb-a049-e7c22a3b4b41,1-1-,no,MC,Mastercard,CREDIT_CARD,2022-12-21 06:30:48,0,0,0,CO,P1,1.0,922625
T-57873-592a5451-6913-4dc2-bc3c-3670ab79bb17,CO-P1-1-326034,285335,2022-12-22 06:30:44,2022-12-22 06:30:43,9.6,0.56,48571.0,2817.118,0.0,0.0,COP,5061.871,CO,299413e0-7ad1-11ec-a305-f9f354161a64,1-1-,no,MC,Mastercard,CREDIT_CARD,2022-12-22 06:30:44,0,0,0,CO,P1,1.0,326034
T-57873-911ced88-0e47-4729-84c2-6764812ba305,CO-P1-1-911024,319592041,2022-12-22 16:10:22,2022-12-22 16:10:21,9.62,0.56,48571.0,2817.118,0.0,0.0,COP,5048.7906,CO,25481e52-04ed-47fd-9d08-4d5039a8e804,1-1-,no,VD,Visa Debit,DEBIT_CARD,2022-12-22 16:10:22,0,0,0,CO,P1,1.0,911024
T-57873-56041f86-db76-423a-a4d7-a6be11511eef,CO-P1-1-882726,473074,2022-12-28 06:30:42,0,9.61,0.56,48571.0,2817.118,0.0,0.0,COP,5054.7584,CO,008c2849-8cba-452a-a254-0cea68db53ba,1-1-,no,MD,MasterCard Debit,DEBIT_CARD,2022-12-28 06:30:42,0,0,0,CO,P1,1.0,882726
T-57873-b22c10de-1c36-4d2f-a0c9-3bab8077aa71,CO-P1-1-116575,457261,2022-12-29 06:30:43,2022-12-29 06:30:43,9.59,0.56,48571.0,2817.118,0.0,0.0,COP,5066.5456,CO,1b9ec1b0-ed89-11eb-854c-dd1f3177fb16,1-1-,no,MD,MasterCard Debit,DEBIT_CARD,2022-12-29 06:30:43,0,0,0,CO,P1,1.0,116575
T-57873-16c17bce-682d-44e9-ae28-94f16e5d4a39,CO-P1-1-482683,457255,2022-12-29 06:30:43,2022-12-29 06:30:42,9.59,0.56,48571.0,2817.118,0.0,0.0,COP,5066.5456,CO,f476d6f9-fca2-4b58-86e8-30f969826f7e,1-1-,no,MD,MasterCard Debit,DEBIT_CARD,2022-12-29 06:30:43,0,0,0,CO,P1,1.0,482683
T-57873-7808e1ab-b58d-4ba2-b596-651150a87d73,CO-P1-1-217021,457262,2022-12-29 06:30:43,0,9.59,0.56,48571.0,2817.118,0.0,0.0,COP,5066.5456,CO,ed577666-ce25-42cf-8340-034be53b0cd3,1-1-,no,MC,Mastercard,CREDIT_CARD,2022-12-29 06:30:43,0,0,0,CO,P1,1.0,217021
T-57873-378419fb-7c6c-4d83-bb9e-20a00282cb4a,CO-P1-1-314317,215394759,2022-12-29 18:05:44,0,9.44,0.55,48571.0,2817.118,0.0,0.0,COP,5147.1056,CO,a5624c60-5fa1-11ec-abe8-11fd304dd41e,1-1-,no,VD,Visa Debit,DEBIT_CARD,2022-12-29 18:05:44,0,0,0,CO,P1,1.0,314317
T-57873-16b9145c-76db-4ad8-b81b-42253ccf51f2,CO-P1-1-596489,215394841,2022-12-29 18:06:29,2022-12-29 18:06:29,9.44,0.55,48571.0,2817.118,0.0,0.0,COP,5147.1056,CO,a5624c60-5fa1-11ec-abe8-11fd304dd41e,1-1-,no,VD,Visa Debit,DEBIT_CARD,2022-12-29 18:06:29,0,0,0,CO,P1,1.0,596489
T-57873-6e214929-743e-4f3b-98d5-2343e7de348f,CO-P1-1-650741,756574,2022-12-30 06:30:43,2022-12-30 06:30:43,9.44,0.55,48571.0,2817.118,0.0,0.0,COP,5147.1056,CO,008c2849-8cba-452a-a254-0cea68db53ba,1-1-,no,MD,MasterCard Debit,DEBIT_CARD,2022-12-30 06:30:43,0,0,0,CO,P1,1.0,650741
T-57873-f63e5287-aeba-40dc-a650-a706bf695703,CO-P1-1-560492,132541,2022-12-31 06:30:41,0,9.44,0.55,48571.0,2817.118,0.0,0.0,COP,5147.1056,CO,ed577666-ce25-42cf-8340-034be53b0cd3,1-1-,no,MC,Mastercard,CREDIT_CARD,2022-12-31 06:30:41,0,0,0,CO,P1,1.0,560492
T-57873-748aac32-544e-481a-b54f-66afbd15658d,CO-P1-1-550422,215800594,2023-01-02 06:30:44,0,9.44,0.55,48571.0,2817.118,0.0,0.0,COP,5147.0844,CO,56c43996-3786-4eb6-abcb-47df81b86f57,1-1-,SI ESTABA,NO ESTABA,VD,Visa Debit,2023-01-02 06:30:44,0,0,0,CO,P1,1.0,550422
T-57873-e8f2974a-5086-41c4-9af0-71764503fc34,CO-P1-1-684559,412117,2023-01-03 06:30:42,2023-01-03 06:30:42,9.44,0.55,48571.0,2817.118,0.0,0.0,COP,5147.0844,CO,e73d3460-4eda-11ec-a94d-79f12492d431,1-1-,SI ESTABA,NO ESTABA,MC,Mastercard,2023-01-03 06:30:42,0,0,0,CO,P1,1.0,684559
T-57873-9790c0a5-75e1-41fb-936b-ac770d569e84,CO-P1-1-326999,412104,2023-01-03 06:30:42,2023-01-03 06:30:41,9.44,0.55,48571.0,2817.118,0.0,0.0,COP,5147.0844,CO,cc59c499-ce71-4b6f-aab0-6a75e22f6f81,1-1-,SI ESTABA,NO ESTABA,MD,MasterCard Debit,2023-01-03 06:30:42,0,0,0,CO,P1,1.0,326999
T-57873-c4b406ec-5fc0-4804-9a60-3360f5d9812a,CO-P1-1-449497,215922418,2023-01-03 06:30:44,2023-01-03 06:30:44,9.44,0.55,48571.0,2817.118,0.0,0.0,COP,5147.0844,CO,3f3e5a44-6c0f-4487-bb15-15718bf40b03,1-1-,SI ESTABA,NO ESTABA,VI,Visa,2023-01-03 06:30:44,0,0,0,CO,P1,1.0,449497
T-57873-26bfbefe-a28a-42a3-b4f8-e1d43933187f,CO-P1-1-551147,216059652,2023-01-04 06:30:45,0,9.35,0.54,48571.0,2817.118,0.0,0.0,COP,5194.7526,CO,56c43996-3786-4eb6-abcb-47df81b86f57,1-1-,SI ESTABA,NO ESTABA,VD,Visa Debit,2023-01-04 06:30:45,0,0,0,CO,P1,1.0,551147
T-57873-ded60f6a-4228-4853-8f5a-1c6f1a09237d,CO-P1-1-205002,555589,2023-01-04 22:54:32,2023-01-04 22:54:32,9.29,0.54,48571.0,2817.118,0.0,0.0,COP,5229.2344,CO,7ba18320-a1a8-11eb-9bfe-f963d7bd4b43,1-1-,NO ESTABA,NO ESTABA,MC,Mastercard,2023-01-04 22:54:32,0,0,0,CO,P1,1.0,205002
T-57873-8042b634-1f58-4f5c-a823-88e21d1e1705,CO-P1-1-419344,0,2023-01-05 06:30:41,0,9.29,0.54,48571.0,2817.118,0.0,0.0,COP,5229.2344,CO,4effb120-06de-11ec-afc3-db34ddf04512,1-1-,SI ESTABA,NO ESTABA,MC,Mastercard,2023-01-05 06:30:41,0,0,0,CO,P1,1.0,419344
T-57873-235536d2-598d-4d56-91c9-9e103bf0c8d3,CO-P1-1-559406,321458193,2023-01-05 20:11:55,2023-01-05 20:11:55,9.22,0.53,48571.0,2817.118,0.0,0.0,COP,5268.3696,CO,548cde99-bea1-46c2-a2e2-fa545565686e,1-1-,NO ESTABA,NO ESTABA,VI,Visa,2023-01-05 20:11:55,0,0,0,CO,P1,1.0,559406
T-57873-895c3bd6-a987-4aad-8686-5c3d0c8026df,CO-P1-1-630397,216459504,2023-01-07 00:14:46,2023-01-07 00:14:46,9.43,0.55,48571.0,2817.118,0.0,0.0,COP,5150.9004,CO,56c43996-3786-4eb6-abcb-47df81b86f57,1-1-,SI ESTABA,NO ESTABA,VI,Visa,2023-01-07 00:14:46,0,0,0,CO,P1,1.0,630397
T-57873-a4f3fdc3-879a-408d-afba-32309a284eee,CO-P1-1-417114,0,2023-01-07 06:30:42,0,9.43,0.55,48571.0,2817.118,0.0,0.0,COP,5150.9004,CO,4effb120-06de-11ec-afc3-db34ddf04512,1-1-,SI ESTABA,NO ESTABA,MC,Mastercard,2023-01-07 06:30:42,0,0,0,CO,P1,1.0,417114
T-57873-fc4528b0-a178-4147-b853-9fce4c963ee0,CO-P1-1-535447,284256,2023-01-07 06:30:44,2023-01-07 06:30:43,9.43,0.55,48571.0,2817.118,0.0,0.0,COP,5150.9004,CO,2457e0fa-7e8b-4839-9212-8282cca59b7d,1-1-,SI ESTABA,NO ESTABA,MD,MasterCard Debit,2023-01-07 06:30:44,0,0,0,CO,P1,1.0,535447
T-57873-46136323-93d0-4445-b226-b2b2cfb17d43,CO-P1-1-120701,321695559,2023-01-07 16:32:04,2023-01-07 16:32:03,9.43,0.55,48571.0,2817.118,0.0,0.0,COP,5150.9004,CO,56e897a3-ab1d-46d4-81ea-60fcd2863038,1-1-,NO ESTABA,NO ESTABA,VD,Visa Debit,2023-01-07 16:32:04,0,0,0,CO,P1,1.0,120701
T-57873-5608b4e8-bd8c-4d19-942e-f43f5f980cab,CO-P1-1-173009,216574356,2023-01-07 22:17:19,0,9.43,0.55,48571.0,2817.118,0.0,0.0,COP,5150.9216,CO,d1df29f0-5d33-11ec-9637-2ba1e8cb83e7,1-1-,NO ESTABA,NO ESTABA,VD,Visa Debit,2023-01-07 22:17:19,0,0,0,CO,P1,1.0,173009
T-57873-80e12fa8-3ae5-42fd-9a8c-5b5ab67840e2,CO-P1-1-384630,321733257,2023-01-07 22:18:07,0,9.43,0.55,48571.0,2817.118,0.0,0.0,COP,5150.9216,CO,d1df29f0-5d33-11ec-9637-2ba1e8cb83e7,1-1-,NO ESTABA,NO ESTABA,VD,Visa Debit,2023-01-07 22:18:07,0,0,0,CO,P1,1.0,384630
T-57873-6fcc9718-d8dc-413f-9c6a-decf0924eb40,CO-P1-1-845294,321733364,2023-01-07 22:19:03,0,9.43,0.55,48571.0,2817.118,0.0,0.0,COP,5150.9216,CO,d1df29f0-5d33-11ec-9637-2ba1e8cb83e7,1-1-,NO ESTABA,NO ESTABA,VD,Visa Debit,2023-01-07 22:19:03,0,0,0,CO,P1,1.0,845294
T-57873-cb753ac9-dbd4-48fa-ad2b-6227e80ce32a,CO-P1-1-908849,321794822,2023-01-08 13:51:35,2023-01-08 13:51:34,9.43,0.55,48571.0,2817.118,0.0,0.0,COP,5150.9216,CO,4c92a6c0-e455-11eb-91ef-65ee5086c1c0,1-1-,NO ESTABA,NO ESTABA,VD,Visa Debit,2023-01-08 13:51:35,0,0,0,CO,P1,1.0,908849
T-57873-78694680-5cb3-4026-b4ac-5e571ba9c40e,CO-P1-1-731409,922726,2023-01-09 18:37:03,2023-01-09 18:37:03,9.43,0.55,48571.0,2817.118,0.0,0.0,COP,5150.9004,CO,605a5e2d-d558-4a13-bb11-610cfd36d6b9,1-1-,NO ESTABA,NO ESTABA,MD,MasterCard Debit,2023-01-09 18:37:03,0,0,0,CO,P1,1.0,731409
T-57873-aec2f31d-1e59-47a6-984b-3e2bf64ea4e3,CO-P1-1-482602,216980689,2023-01-11 06:30:43,2023-01-11 06:30:43,9.57,0.55,48571.0,2817.118,0.0,0.0,COP,5077.1456,CO,2c48ee51-d516-4d98-9075-b6b7a1f57101,1-1-,SI ESTABA,NO ESTABA,VI,Visa,2023-01-11 06:30:43,0,0,0,CO,P1,1.0,482602
T-57873-5f365bd1-dcf0-4948-8ad6-a8a3d03fe9bf,CO-P1-1-525171,322149767,2023-01-11 06:30:45,0,9.57,0.55,48571.0,2817.118,0.0,0.0,COP,5077.1456,CO,e0c4c61d-3a01-4884-81a5-25b2f8fe3197,1-1-,SI ESTABA,NO ESTABA,VD,Visa Debit,2023-01-11 06:30:45,0,0,0,CO,P1,1.0,525171
T-57873-2ea6acf8-7a17-4db2-96a2-3c19751ee462,CO-P1-1-517958,559190,2023-01-12 13:56:35,2023-01-12 13:56:35,9.78,0.57,48571.0,2817.118,0.0,0.0,COP,4966.683,CO,d518e6ff-c1ce-4b18-bc3a-0f324b3521ba,1-1-,NO ESTABA,NO ESTABA,MC,Mastercard,2023-01-12 13:56:35,0,0,0,CO,P1,1.0,517958
T-57873-11eb47ea-2fc0-4821-91c6-fb0eecd0a280,CO-P1-1-252278,135545,2023-01-13 06:30:43,2023-01-13 06:30:43,9.77,0.57,48571.0,2817.118,0.0,0.0,COP,4972.619,CO,032e46d0-587a-11ec-8104-bba4c578e632,1-1-,SI ESTABA,NO ESTABA,MC,Mastercard,2023-01-13 06:30:43,0,0,0,CO,P1,1.0,252278
T-57873-77645de7-27a4-4195-99cc-cb080e6daf0a,CO-P1-1-504633,135552,2023-01-13 06:30:43,2023-01-13 06:30:43,9.77,0.57,48571.0,2817.118,0.0,0.0,COP,4972.619,CO,f5d8c630-0b5b-11ec-8215-03b58dce75e9,1-1-,SI ESTABA,NO ESTABA,MD,MasterCard Debit,2023-01-13 06:30:43,0,0,0,CO,P1,1.0,504633
T-57873-8b0bfa90-7d64-4067-824e-3b635200850d,CO-P1-1-655953,135567,2023-01-13 06:30:44,0,9.77,0.57,48571.0,2817.118,0.0,0.0,COP,4972.619,CO,6e854236-6823-43d9-8e57-b781c8bf2a9c,1-1-,SI ESTABA,NO ESTABA,MC,Mastercard,2023-01-13 06:30:44,0,0,0,CO,P1,1.0,655953
T-57873-088ad4fe-bcbc-4008-9c45-6fd0ad99b1c3,CO-P1-1-268377,322424445,2023-01-13 06:30:46,0,9.77,0.57,48571.0,2817.118,0.0,0.0,COP,4972.619,CO,e0c4c61d-3a01-4884-81a5-25b2f8fe3197,1-1-,SI ESTABA,NO ESTABA,VD,Visa Debit,2023-01-13 06:30:46,0,0,0,CO,P1,1.0,268377
T-57873-bb41234b-650b-46ca-97c8-1061ed9d52c9,CO-P1-1-156463,384932,2023-01-13 23:19:43,2023-01-13 23:19:42,9.76,0.57,48571.0,2817.118,0.0,0.0,COP,4975.3856,CO,65c6e7c2-ed5d-469f-8d9e-f4676da84f76,1-1-,NO ESTABA,NO ESTABA,MC,Mastercard,2023-01-13 23:19:43,0,0,0,CO,P1,1.0,156463
T-57873-a7b0f3ee-611b-4350-b793-0a080885404b,CO-P1-1-729815,189066,2023-01-14 13:50:22,2023-01-14 13:50:21,9.76,0.57,48571.0,2817.118,0.0,0.0,COP,4975.3644,CO,f1245140-3942-11ec-8c8a-4dfe4ef5b26b,1-1-,NO ESTABA,NO ESTABA,MD,MasterCard Debit,2023-01-14 13:50:22,0,0,0,CO,P1,1.0,729815
T-57873-c97e4b12-2432-4ab3-94f3-2cac24dfc7f3,CO-P1-1-425104,906187,2023-01-15 06:30:43,0,9.76,0.57,48571.0,2817.118,0.0,0.0,COP,4975.3856,CO,eeeffa20-5f35-11ec-8097-0ff078f8d394,1-1-,SI ESTABA,NO ESTABA,MD,MasterCard Debit,2023-01-15 06:30:43,0,0,0,CO,P1,1.0,425104
T-57873-7f81462a-663e-45f3-abf0-4cbad1e0e373,CO-P1-1-404672,906199,2023-01-15 06:30:44,0,9.76,0.57,48571.0,2817.118,0.0,0.0,COP,4975.3856,CO,6e854236-6823-43d9-8e57-b781c8bf2a9c,1-1-,SI ESTABA,NO ESTABA,MC,Mastercard,2023-01-15 06:30:44,0,0,0,CO,P1,1.0,404672
T-57873-d264feb5-bce0-4067-9d8f-716d7b018e7b,CO-P1-1-125157,627647,2023-01-15 14:34:59,2023-01-15 14:34:59,9.76,0.57,48571.0,2817.118,0.0,0.0,COP,4975.3856,CO,e6223ff6-b93d-4d42-978e-f37bd6366c2a,1-1-,NO ESTABA,NO ESTABA,MD,MasterCard Debit,2023-01-15 14:34:59,0,0,0,CO,P1,1.0,125157
T-57873-bd418e04-cf74-46af-916c-8436e6c4b400,CO-P1-1-413693,194173,2023-01-16 06:30:43,2023-01-16 06:30:43,9.76,0.57,48571.0,2817.118,0.0,0.0,COP,4975.3856,CO,075d02b0-c46d-11eb-b747-9f1b81eaed9f,1-1-,NO ESTABA,SI ESTABA,MD,MasterCard Debit,2023-01-16 06:30:43,0,0,0,CO,P1,1.0,413693
T-57873-729ec400-de11-4b52-8242-7d0888f9e392,CO-P1-1-332067,217676592,2023-01-16 06:30:44,0,9.76,0.57,48571.0,2817.118,0.0,0.0,COP,4975.3856,CO,d4e371b0-7be7-11eb-9883-25d0e34be10c,1-1-,NO ESTABA,SI ESTABA,VD,Visa Debit,2023-01-16 06:30:44,0,0,0,CO,P1,1.0,332067
T-57873-9a9733e8-2a1b-4b46-980e-930b66c0c8c1,CO-P1-1-621832,194244,2023-01-16 06:30:45,2023-01-16 06:30:45,9.76,0.57,48571.0,2817.118,0.0,0.0,COP,4975.3856,CO,d5546710-9d69-11eb-b47d-4b54aeff4379,1-1-,NO ESTABA,SI ESTABA,MC,Mastercard,2023-01-16 06:30:45,0,0,0,CO,P1,1.0,621832
T-57873-4f572124-7b8f-439a-9a4a-12b15436f1ef,CO-P1-1-874380,217676593,2023-01-16 06:30:45,2023-01-16 06:30:44,9.76,0.57,48571.0,2817.118,0.0,0.0,COP,4975.3856,CO,607aeac9-4952-4d0f-a747-964cc04cfa4a,1-1-,NO ESTABA,SI ESTABA,VD,Visa Debit,2023-01-16 06:30:45,0,0,0,CO,P1,1.0,874380
T-57873-fa3e1f2f-e44a-442b-a92a-79d8ec2000cd,CO-P1-1-175499,241756,2023-01-16 22:54:47,2023-01-16 22:54:46,9.78,0.57,48571.0,2817.118,0.0,0.0,COP,4968.3578,CO,08a83fd4-553d-4474-8cd4-218c2d379260,1-1-,NO ESTABA,NO ESTABA,MD,MasterCard Debit,2023-01-16 22:54:47,0,0,0,CO,P1,1.0,175499
T-57873-0a78f765-95fb-498f-84f9-cef7f362a374,CO-P1-1-347619,333892,2023-01-16 23:25:41,2023-01-16 23:25:40,9.78,0.57,48571.0,2817.118,0.0,0.0,COP,4968.3578,CO,531c9c70-8643-11ec-9529-49c55366c91f,1-1-,NO ESTABA,NO ESTABA,MD,MasterCard Debit,2023-01-16 23:25:41,0,0,0,CO,P1,1.0,347619
T-57873-12c08541-2584-49a7-a25d-b2a63a7ae67a,CO-P1-1-439228,793185,2023-01-17 01:50:14,2023-01-17 01:50:13,9.78,0.57,48571.0,2817.118,0.0,0.0,COP,4968.3578,CO,26e57914-d91f-4017-974c-4608ac01b053,1-1-,NO ESTABA,NO ESTABA,MC,Mastercard,2023-01-17 01:50:14,0,0,0,CO,P1,1.0,439228
T-57873-bcca2a69-e5f8-45d6-9474-b4f23b713a6a,CO-P1-1-498807,355811,2023-01-17 06:30:43,2023-01-17 06:30:43,9.78,0.57,48571.0,2817.118,0.0,0.0,COP,4968.3578,CO,0847c640-110e-11ec-adf7-83defb62b140,1-1-,NO ESTABA,SI ESTABA,MD,MasterCard Debit,2023-01-17 06:30:43,0,0,0,CO,P1,1.0,498807
T-57873-3fd74f6e-a139-4684-ac87-8cc16f829c2f,CO-P1-1-946058,217854471,2023-01-17 06:30:43,2023-01-17 06:30:43,9.78,0.57,48571.0,2817.118,0.0,0.0,COP,4968.3578,CO,5b7fad3b-6c0f-48b9-8637-f4c85a8fbb9d,1-1-,NO ESTABA,SI ESTABA,VD,Visa Debit,2023-01-17 06:30:43,0,0,0,CO,P1,1.0,946058
T-57873-a8a9e857-f0ab-42e2-97aa-b1a8a14e46d6,CO-P1-1-403954,355800,2023-01-17 06:30:43,0,9.78,0.57,48571.0,2817.118,0.0,0.0,COP,4968.3578,CO,eeeffa20-5f35-11ec-8097-0ff078f8d394,1-1-,SI ESTABA,NO ESTABA,MD,MasterCard Debit,2023-01-17 06:30:43,0,0,0,CO,P1,1.0,403954
T-57873-e5730c90-818f-495c-8f55-cfe08db2f930,CO-P1-1-371148,322953031,2023-01-17 06:30:44,0,9.78,0.57,48571.0,2817.118,0.0,0.0,COP,4968.3578,CO,d990d9ea-dc8a-451b-b3d6-226b177b874c,1-1-,SI ESTABA,NO ESTABA,VD,Visa Debit,2023-01-17 06:30:44,0,0,0,CO,P1,1.0,371148
T-57873-3dcd0aeb-2aca-4a77-ba7e-55e4bb40622c,CO-P1-1-974973,355816,2023-01-17 06:30:44,2023-01-17 06:30:43,9.78,0.57,48571.0,2817.118,0.0,0.0,COP,4968.3578,CO,8fbf1d40-3764-11ec-8461-897519430930,1-1-,NO ESTABA,SI ESTABA,MD,MasterCard Debit,2023-01-17 06:30:44,0,0,0,CO,P1,1.0,974973
T-57873-74d3ae71-fd11-496c-a013-e6a3b102853c,CO-P1-1-840484,173840,2023-01-17 21:47:43,2023-01-17 21:47:42,9.68,0.56,48571.0,2817.118,0.0,0.0,COP,5020.1388,CO,1f94a500-57b6-11eb-a124-a79a6c55fd36,1-1-,NO ESTABA,NO ESTABA,MD,MasterCard Debit,2023-01-17 21:47:43,0,0,0,CO,P1,1.0,840484
T-57873-5b13728d-bf04-4891-b27d-2b1b28bf42cc,CO-P1-1-839241,218020386,2023-01-18 06:30:44,2023-01-18 06:30:44,9.68,0.56,48571.0,2817.118,0.0,0.0,COP,5020.1388,CO,d4e371b0-7be7-11eb-9883-25d0e34be10c,1-1-,NO ESTABA,SI ESTABA,VD,Visa Debit,2023-01-18 06:30:44,0,0,0,CO,P1,1.0,839241
T-57873-b37f5783-d0ba-4baf-83fa-8349c4946e6b,CO-P1-1-850367,218020385,2023-01-18 06:30:44,2023-01-18 06:30:44,9.68,0.56,48571.0,2817.118,0.0,0.0,COP,5020.1388,CO,524ca491-0f42-4c7e-8803-7df08a20343b,1-1-,NO ESTABA,SI ESTABA,AE,American Express,2023-01-18 06:30:44,0,0,0,CO,P1,1.0,850367
T-57873-911512d7-d44c-4b9c-9d5d-902d59ac25f2,CO-P1-1-208633,218020384,2023-01-18 06:30:45,2023-01-18 06:30:44,9.68,0.56,48571.0,2817.118,0.0,0.0,COP,5020.1388,CO,205eb650-a19c-11eb-b561-e3ec92f8088e,1-1-,NO ESTABA,SI ESTABA,VD,Visa Debit,2023-01-18 06:30:45,0,0,0,CO,P1,1.0,208633
T-57873-6859f61e-29cf-431a-bfb0-938ed58c8115,CO-P1-1-505471,218020387,2023-01-18 06:30:48,0,9.68,0.56,48571.0,2817.118,0.0,0.0,COP,5020.1388,CO,7294844c-50f9-4968-91be-16ec7f2d027b,1-1-,NO ESTABA,SI ESTABA,MD,MasterCard Debit,2023-01-18 06:30:48,0,0,0,CO,P1,1.0,505471
T-57873-fd48f916-7549-424a-89bc-a3daf4258629,CO-P1-1-378086,218058871,2023-01-18 14:42:03,0,9.78,0.57,48571.0,2817.118,0.0,0.0,COP,4964.6796,CO,75197ee0-f421-11eb-bca2-c7521713e8d2,1-1-,NO ESTABA,NO ESTABA,VD,Visa Debit,2023-01-18 14:42:03,0,0,0,CO,P1,1.0,378086
T-57873-1635e817-cdec-4b80-a490-dc6fe8658de9,CO-P1-1-626542,323090969,2023-01-18 14:42:41,2023-01-18 14:42:41,9.78,0.57,48571.0,2817.118,0.0,0.0,COP,4964.5206,CO,75197ee0-f421-11eb-bca2-c7521713e8d2,1-1-,NO ESTABA,NO ESTABA,VD,Visa Debit,2023-01-18 14:42:41,0,0,0,CO,P1,1.0,626542
T-57873-1fe61e43-8305-4157-b057-7332a4088a56,CO-P1-1-749690,529831,2023-01-19 06:30:44,2023-01-19 06:30:44,9.75,0.57,48571.0,2817.118,0.0,0.0,COP,4983.8974,CO,b7359f80-23a0-11ec-9918-918a0f97d5a0,1-1-,NO ESTABA,SI ESTABA,MD,MasterCard Debit,2023-01-19 06:30:44,0,0,0,CO,P1,1.0,749690
T-57873-f13b54e9-6b35-43d1-94d6-bc7c062c3388,CO-P1-1-258467,218285707,2023-01-19 20:24:05,2023-01-19 20:24:05,9.8,0.57,48571.0,2817.118,0.0,0.0,COP,4955.8286,CO,27253a8d-db6e-453d-ba2b-bd3555e91626,1-1-,NO ESTABA,SI ESTABA,VI,Visa,2023-01-19 20:24:05,0,0,0,CO,P1,1.0,258467
T-57873-b6829b34-4764-46fc-89e1-a0c899b5d90c,CO-P1-1-948218,218354530,2023-01-20 06:30:43,2023-01-20 06:30:43,9.8,0.57,48571.0,2817.118,0.0,0.0,COP,4955.8286,CO,18e514fd-49e5-4cd1-9be0-f36fd7b74b93,1-1-,SI ESTABA,NO ESTABA,VI,Visa,2023-01-20 06:30:43,0,0,0,CO,P1,1.0,948218
T-57873-d0609536-5b31-4904-9a9f-17eda94270c1,CO-P1-1-338170,323293275,2023-01-20 06:30:44,2023-01-20 06:30:43,9.8,0.57,48571.0,2817.118,0.0,0.0,COP,4955.8286,CO,7c76b0d5-5dab-4961-bdff-4d8c47c0052c,1-1-,SI ESTABA,NO ESTABA,VI,Visa,2023-01-20 06:30:44,0,0,0,CO,P1,1.0,338170
T-57873-7772d24c-231f-4ad0-b282-2c4ff26faaad,CO-P1-1-340427,323293277,2023-01-20 06:30:48,0,9.8,0.57,48571.0,2817.118,0.0,0.0,COP,4955.8286,CO,7294844c-50f9-4968-91be-16ec7f2d027b,1-1-,NO ESTABA,SI ESTABA,MD,MasterCard Debit,2023-01-20 06:30:48,0,0,0,CO,P1,1.0,340427
T-57873-5ad2f846-a387-4cb6-a2f6-e6c37ede5415,CO-P1-1-113982,218437029,2023-01-20 18:40:43,2023-01-20 18:40:42,9.98,0.58,48571.0,2817.118,0.0,0.0,COP,4867.096,CO,30de291f-6765-4c65-81eb-551cdd05c08c,1-1-,NO ESTABA,NO ESTABA,VD,Visa Debit,2023-01-20 18:40:43,0,0,0,CO,P1,1.0,113982
T-57873-a21d6371-73b7-4625-a9f9-dc5fd305f0fd,CO-P1-1-394508,895915,2023-01-21 04:22:58,2023-01-21 04:22:58,9.98,0.58,48571.0,2817.118,0.0,0.0,COP,4867.096,CO,4f888aaa-0645-47ba-92f4-3c99268e393d,1-1-,NO ESTABA,NO ESTABA,MC,Mastercard,2023-01-21 04:22:58,0,0,0,CO,P1,1.0,394508
T-57873-f5bcf621-0725-4883-bd39-40d45bcd42b0,CO-P1-1-952466,218533739,2023-01-21 06:30:44,2023-01-21 06:30:43,9.98,0.58,48571.0,2817.118,0.0,0.0,COP,4867.0748,CO,91ee2924-b526-45ed-b970-7d6ab91403fe,1-1-,NO ESTABA,SI ESTABA,VI,Visa,2023-01-21 06:30:44,0,0,0,CO,P1,1.0,952466
T-57873-4ec0037a-16b6-4ec9-bff8-ca07d1d88124,CO-P1-1-276676,111803,2023-01-21 06:30:45,2023-01-21 06:30:44,9.98,0.58,48571.0,2817.118,0.0,0.0,COP,4867.0748,CO,88729318-6a3c-4239-92be-eea96d0a85ec,1-1-,SI ESTABA,NO ESTABA,MD,MasterCard Debit,2023-01-21 06:30:45,0,0,0,CO,P1,1.0,276676
T-57873-4759421e-3acf-42c4-93a4-fff89efa6093,CO-P1-1-510693,218128,2023-01-21 22:46:41,2023-01-21 22:46:40,9.98,0.58,48571.0,2817.118,0.0,0.0,COP,4867.096,CO,eeeffa20-5f35-11ec-8097-0ff078f8d394,1-1-,SI ESTABA,NO ESTABA,MD,MasterCard Debit,2023-01-21 22:46:41,0,0,0,CO,P1,1.0,510693
T-57873-692c9e36-29c0-4ec7-acfc-609f2f434021,CO-P1-1-786660,483462,2023-01-22 06:30:43,2023-01-22 06:30:43,9.98,0.58,48571.0,2817.118,0.0,0.0,COP,4867.096,CO,299413e0-7ad1-11ec-a305-f9f354161a64,1-1-,NO ESTABA,SI ESTABA,MC,Mastercard,2023-01-22 06:30:43,0,0,0,CO,P1,1.0,786660
T-57873-ee6c5a0f-a43c-4505-9c2e-d78b2af60383,CO-P1-1-443133,218683548,2023-01-22 06:30:44,0,9.98,0.58,48571.0,2817.118,0.0,0.0,COP,4867.096,CO,f5703ae5-4b3f-4532-b4f4-e604ae1cb9b1,1-1-,SI ESTABA,NO ESTABA,VD,Visa Debit,2023-01-22 06:30:44,0,0,0,CO,P1,1.0,443133
T-57873-bd1bbf0f-cb3a-4d90-b3b7-2daf383ef039,CO-P1-1-517845,218737700,2023-01-22 17:34:51,2023-01-22 17:34:50,9.98,0.58,48571.0,2817.118,0.0,0.0,COP,4867.096,CO,76692277-bf7c-4d98-9282-cfe1dcc9bbfe,1-1-,NO ESTABA,NO ESTABA,VD,Visa Debit,2023-01-22 17:34:51,0,0,0,CO,P1,1.0,517845
T-57873-fc7e991d-c83f-43b9-b357-eb40b14b6b98,CO-P1-1-411626,323597946,2023-01-23 00:42:21,2023-01-23 00:42:20,9.98,0.58,48571.0,2817.118,0.0,0.0,COP,4867.0748,CO,1d193f30-236f-4207-bdae-657cbe9a4fb4,1-1-,NO ESTABA,NO ESTABA,VD,Visa Debit,2023-01-23 00:42:21,0,0,0,CO,P1,1.0,411626
T-57873-f4d10f67-7249-4541-96bf-0811d5413170,CO-P1-1-156702,323625881,2023-01-23 06:30:44,0,9.98,0.58,48571.0,2817.118,0.0,0.0,COP,4867.0748,CO,25481e52-04ed-47fd-9d08-4d5039a8e804,1-1-,NO ESTABA,SI ESTABA,VD,Visa Debit,2023-01-23 06:30:44,0,0,0,CO,P1,1.0,156702
T-57873-ad8dc8ec-1316-4642-bbe1-3a3a508624d0,CO-P1-1-356125,218872981,2023-01-23 14:35:08,0,10.06,0.58,48571.0,2817.118,0.0,0.0,COP,4830.1656,CO,da1a0af0-423a-11ec-96be-e1b450bb24e5,1-1-,NO ESTABA,NO ESTABA,MC,Mastercard,2023-01-23 14:35:08,0,0,0,CO,P1,1.0,356125
T-57873-f2cf399e-e222-481d-a236-9349e024b68d,CO-P1-1-259540,218873100,2023-01-23 14:35:41,0,10.06,0.58,48571.0,2817.118,0.0,0.0,COP,4830.4518,CO,da1a0af0-423a-11ec-96be-e1b450bb24e5,1-1-,NO ESTABA,NO ESTABA,MC,Mastercard,2023-01-23 14:35:41,0,0,0,CO,P1,1.0,259540
T-57873-776b6dee-c3d5-4138-aa4b-301e5cb93c76,CO-P1-1-874152,480826,2023-01-24 03:29:33,2023-01-24 03:29:32,10.07,0.58,48571.0,2817.118,0.0,0.0,COP,4822.841,CO,53a9be9d-1557-4529-bb90-87184b813cde,1-1-,NO ESTABA,NO ESTABA,MD,MasterCard Debit,2023-01-24 03:29:33,0,0,0,CO,P1,1.0,874152
T-57873-d4630e0c-f5b9-47be-86b3-0416c68006c6,CO-P1-1-249947,219119671,2023-01-24 22:17:53,2023-01-24 22:17:51,10.12,0.59,48571.0,2817.118,0.0,0.0,COP,4798.8108,CO,11bab7ae-995a-469e-97ea-27a4935b7149,1-1-,NO ESTABA,NO ESTABA,VI,Visa,2023-01-24 22:17:53,0,0,0,CO,P1,1.0,249947
T-57873-457776e3-9740-405a-a035-ecc72bf979bc,CO-P1-1-607128,323861920,2023-01-25 06:30:45,0,10.12,0.59,48571.0,2817.118,0.0,0.0,COP,4798.8108,CO,25481e52-04ed-47fd-9d08-4d5039a8e804,1-1-,NO ESTABA,SI ESTABA,VD,Visa Debit,2023-01-25 06:30:45,0,0,0,CO,P1,1.0,607128
T-57873-fb90d70b-6a11-4a3e-a43d-0a9e1cd148fc,CO-P1-1-385234,763682,2023-01-25 15:48:17,2023-01-25 15:48:17,10.06,0.58,48571.0,2817.118,0.0,0.0,COP,4825.7878,CO,7294844c-50f9-4968-91be-16ec7f2d027b,1-1-,NO ESTABA,SI ESTABA,MD,MasterCard Debit,2023-01-25 15:48:17,0,0,0,CO,P1,1.0,385234
T-57873-bf04fc27-6963-4cc1-ba9f-a322d11c6d87,CO-P1-1-223407,481877,2023-01-25 20:27:13,2023-01-25 20:27:13,10.08,0.58,48571.0,2817.118,0.0,0.0,COP,4816.746,CO,2024b75e-2b4d-46ab-a513-29807dfdfbdf,1-1-,NO ESTABA,NO ESTABA,MD,MasterCard Debit,2023-01-25 20:27:13,0,0,0,CO,P1,1.0,223407
T-57873-36c1d921-65e8-4b81-b3df-a851c13a41dc,CO-P1-1-810506,245412,2023-01-27 06:30:42,0,10.13,0.59,48571.0,2817.118,0.0,0.0,COP,4792.7794,CO,0cd53e99-9f57-4217-8c3c-24921ddce670,1-1-,SI ESTABA,NO ESTABA,MC,Mastercard,2023-01-27 06:30:42,0,0,0,CO,P1,1.0,810506
T-57873-34083a5f-71f4-4310-8065-30e2869d2d03,CO-P1-1-250208,324188278,2023-01-27 21:41:16,2023-01-27 21:41:15,10.01,0.58,48571.0,2817.118,0.0,0.0,COP,4854.3336,CO,7a2e6ac7-e660-4a08-82e4-498d4c994ee8,1-1-,NO ESTABA,NO ESTABA,VI,Visa,2023-01-27 21:41:16,0,0,0,CO,P1,1.0,250208
T-57873-8459355c-dd7f-4060-a74a-7931f3781194,CO-P1-1-934139,324188651,2023-01-27 21:44:23,2023-01-27 21:44:22,10.01,0.58,48571.0,2817.118,0.0,0.0,COP,4854.3336,CO,8c116940-3c9f-11ec-b20e-f380c0671952,1-1-,NO ESTABA,NO ESTABA,VI,Visa,2023-01-27 21:44:23,0,0,0,CO,P1,1.0,934139
T-57873-04fecea8-c1b8-4bd8-8064-f0937a76cfe3,CO-P1-1-582738,867335,2023-01-28 06:30:43,0,10.01,0.58,48571.0,2817.118,0.0,0.0,COP,4854.3442,CO,008c2849-8cba-452a-a254-0cea68db53ba,1-1-,NO ESTABA,SI ESTABA,MD,MasterCard Debit,2023-01-28 06:30:43,0,0,0,CO,P1,1.0,582738
T-57873-e148a4c7-1c95-442b-abdf-2eb25d500c35,CO-P1-1-182575,324322774,2023-01-28 22:56:56,2023-01-28 22:56:55,10.01,0.58,48571.0,2817.118,0.0,0.0,COP,4854.3654,CO,25481e52-04ed-47fd-9d08-4d5039a8e804,1-1-,NO ESTABA,SI ESTABA,VD,Visa Debit,2023-01-28 22:56:56,0,0,0,CO,P1,1.0,182575
T-57873-5365b4d7-aa4f-492a-984f-2b63be9d7839,CO-P1-1-329345,341468,2023-01-29 06:30:42,2023-01-29 06:30:42,10.01,0.58,48571.0,2817.118,0.0,0.0,COP,4854.3654,CO,f476d6f9-fca2-4b58-86e8-30f969826f7e,1-1-,NO ESTABA,SI ESTABA,MD,MasterCard Debit,2023-01-29 06:30:42,0,0,0,CO,P1,1.0,329345
T-57873-7aab90c7-fcf2-47bd-a4b3-0ddd14eb2fef,CO-P1-1-277837,341458,2023-01-29 06:30:42,0,10.01,0.58,48571.0,2817.118,0.0,0.0,COP,4854.3654,CO,0cd53e99-9f57-4217-8c3c-24921ddce670,1-1-,SI ESTABA,NO ESTABA,MC,Mastercard,2023-01-29 06:30:42,0,0,0,CO,P1,1.0,277837
T-57873-3fca8955-b5dc-46a0-b2a9-82f309a9d001,CO-P1-1-833491,341475,2023-01-29 06:30:43,2023-01-29 06:30:42,10.01,0.58,48571.0,2817.118,0.0,0.0,COP,4854.3654,CO,1b9ec1b0-ed89-11eb-854c-dd1f3177fb16,1-1-,NO ESTABA,SI ESTABA,MD,MasterCard Debit,2023-01-29 06:30:43,0,0,0,CO,P1,1.0,833491
T-57873-604db4ae-8de8-4e2d-a596-a66c6d3fc945,CO-P1-1-653929,138843,2023-01-29 20:45:46,2023-01-29 20:45:45,10.01,0.58,48571.0,2817.118,0.0,0.0,COP,4854.3654,CO,f2f90a00-9be8-11eb-a7b6-3f1e65ad018a,1-1-,NO ESTABA,NO ESTABA,MC,Mastercard,2023-01-29 20:45:46,0,0,0,CO,P1,1.0,653929
T-57873-ffd9b741-60ab-4374-9f40-b469855433fc,CO-P1-1-847433,219896661,2023-01-30 01:15:17,2023-01-30 01:15:16,10.01,0.58,48571.0,2817.118,0.0,0.0,COP,4854.3654,CO,71a16abb-0c76-484c-b6fc-b488019bc259,1-1-,NO ESTABA,NO ESTABA,VD,Visa Debit,2023-01-30 01:15:17,0,0,0,CO,P1,1.0,847433
T-57873-3244b117-4ec8-4cd7-916a-2646b9185aa6,CO-P1-1-956635,0,2023-01-30 03:18:56,0,10.01,0.58,48571.0,2817.118,0.0,0.0,COP,4854.3654,CO,4effb120-06de-11ec-afc3-db34ddf04512,1-1-,SI ESTABA,NO ESTABA,AE,American Express,2023-01-30 03:18:56,0,0,0,CO,P1,1.0,956635
T-57873-f874655f-98fa-4c34-8b5c-e42ca595df12,CO-P1-1-665530,219911121,2023-01-30 03:19:41,2023-01-30 03:19:40,10.01,0.58,48571.0,2817.118,0.0,0.0,COP,4854.3654,CO,4effb120-06de-11ec-afc3-db34ddf04512,1-1-,SI ESTABA,NO ESTABA,AE,American Express,2023-01-30 03:19:41,0,0,0,CO,P1,1.0,665530
T-57873-50b68f7f-9f69-4b54-bc80-a6014d317103,CO-P1-1-689508,803523,2023-01-30 06:30:43,2023-01-30 06:30:43,10.01,0.58,48571.0,2817.118,0.0,0.0,COP,4854.3654,CO,e7d9fc40-7f03-11eb-8e60-f76c68c5fe29,1-1-,SI ESTABA,NO ESTABA,MD,MasterCard Debit,2023-01-30 06:30:43,0,0,0,CO,P1,1.0,689508
T-57873-d4d8019f-429d-44af-94e1-2389f362cbf7,CO-P1-1-998147,803536,2023-01-30 06:30:43,0,10.01,0.58,48571.0,2817.118,0.0,0.0,COP,4854.3654,CO,008c2849-8cba-452a-a254-0cea68db53ba,1-1-,NO ESTABA,SI ESTABA,MD,MasterCard Debit,2023-01-30 06:30:43,0,0,0,CO,P1,1.0,998147
T-57873-01ffe2b9-082a-41ca-829b-6181ecdf0262,CO-P1-1-586328,219922421,2023-01-30 06:30:46,0,10.01,0.58,48571.0,2817.118,0.0,0.0,COP,4854.3654,CO,a5624c60-5fa1-11ec-abe8-11fd304dd41e,1-1-,NO ESTABA,SI ESTABA,VD,Visa Debit,2023-01-30 06:30:46,0,0,0,CO,P1,1.0,586328
T-57873-0c405d7a-87ff-4a86-b8a2-5a5165b5e358,CO-P1-1-823605,324613890,2023-01-31 04:46:22,0,9.84,0.57,48571.0,2817.118,0.0,0.0,COP,4936.7486,CO,1f36f330-3eaa-11ec-86ca-fd784c4ba511,1-1-,NO ESTABA,NO ESTABA,DC,Diners Club,2023-01-31 04:46:22,0,0,0,CO,P1,1.0,823605
T-57873-5fef9fe3-3f50-43da-92aa-244a6583d53b,CO-P1-1-207724,220076174,2023-01-31 04:47:32,0,9.84,0.57,48571.0,2817.118,0.0,0.0,COP,4936.7486,CO,1f36f330-3eaa-11ec-86ca-fd784c4ba511,1-1-,NO ESTABA,NO ESTABA,DC,Diners Club,2023-01-31 04:47:32,0,0,0,CO,P1,1.0,207724
T-57873-feff0ebd-25c3-4afd-8c12-69f1009b3980,CO-P1-1-585792,62799,2023-01-31 04:48:13,0,9.84,0.57,48571.0,2817.118,0.0,0.0,COP,4936.7486,CO,1f36f330-3eaa-11ec-86ca-fd784c4ba511,1-1-,NO ESTABA,NO ESTABA,MC,Mastercard,2023-01-31 04:48:13,0,0,0,CO,P1,1.0,585792
T-57873-52879bf3-581e-44f3-8826-0d5dde15fc90,CO-P1-1-723576,68386,2023-01-31 04:51:36,2023-01-31 04:51:36,9.84,0.57,48571.0,2817.118,0.0,0.0,COP,4936.7486,CO,1f36f330-3eaa-11ec-86ca-fd784c4ba511,1-1-,NO ESTABA,NO ESTABA,MC,Mastercard,2023-01-31 04:51:36,0,0,0,CO,P1,1.0,723576
T-57873-d10bffd3-09d5-4d13-a089-992ceaa4aa8a,CO-P1-1-601213,324773880,2023-02-01 06:30:45,0,9.8,0.57,48571.0,2817.118,0.0,0.0,COP,4953.899,CO,a5624c60-5fa1-11ec-abe8-11fd304dd41e,1-1-,ESTABA NOV,ESTABA DIC,NO ESTABA ENE,VD,2023-02-01 06:30:45,0,0,0,CO,P1,1.0,601213
T-57873-a0025563-8735-47ad-95da-8b0a8ff6e698,CO-P1-1-808488,624527,2023-02-01 15:23:40,2023-02-01 15:23:39,9.85,0.57,48571.0,2817.118,0.0,0.0,COP,4930.601,CO,f00663f0-a3c5-11eb-922d-6df7a185606e,1-1-,NO ESTABA NOV,NO ESTABA DIC,NO ESTABA ENE,MD,2023-02-01 15:23:40,0,0,0,CO,P1,1.0,808488
T-57873-ebd408dd-f91b-4ce4-a561-8ce80fe81fb3,CO-P1-1-170816,220354533,2023-02-01 22:20:31,2023-02-01 22:20:30,9.9,0.57,48571.0,2817.118,0.0,0.0,COP,4904.599,CO,79300fdd-9a4b-44f8-a3ec-469049514fdc,1-1-,NO ESTABA NOV,NO ESTABA DIC,NO ESTABA ENE,VD,2023-02-01 22:20:31,0,0,0,CO,P1,1.0,170816
T-57873-b6eaea1d-c8a8-4160-9cc9-b6e578673b0e,CO-P1-1-928220,324936727,2023-02-02 06:30:44,2023-02-02 6:30:43,9.9,0.57,48571.0,2817.118,0.0,0.0,COP,4904.599,CO,56c43996-3786-4eb6-abcb-47df81b86f57,1-1-,NO ESTABA NOV,ESTABA DIC,ESTABA ENE,VI,2023-02-02 06:30:44,0,0,0,CO,P1,1.0,928220
T-57873-4b9ebb01-4da1-4a0b-9171-644fc518d34a,CO-P1-1-173427,790723,2023-02-03 05:12:23,0,9.91,0.58,48571.0,2817.118,0.0,0.0,COP,4899.119,CO,0cd53e99-9f57-4217-8c3c-24921ddce670,1-1-,NO ESTABA NOV,ESTABA DIC,NO ESTABA ENE,MC,2023-02-03 05:12:23,0,0,0,CO,P1,1.0,173427
T-57873-aacc1980-46cc-458f-90ce-fc5ecbdc99dc,CO-P1-1-392217,794674,2023-02-03 05:14:36,2023-02-03 5:14:35,9.91,0.58,48571.0,2817.118,0.0,0.0,COP,4899.119,CO,0cd53e99-9f57-4217-8c3c-24921ddce670,1-1-,NO ESTABA NOV,ESTABA DIC,NO ESTABA ENE,MC,2023-02-03 05:14:36,0,0,0,CO,P1,1.0,392217
T-57873-71288c44-6c63-40bf-bc84-ec2c5b9c32fb,CO-P1-1-686231,905939,2023-02-03 06:30:43,2023-02-03 6:30:43,9.91,0.58,48571.0,2817.118,0.0,0.0,COP,4899.119,CO,e73d3460-4eda-11ec-a94d-79f12492d431,1-1-,NO ESTABA NOV,ESTABA DIC,ESTABA ENE,MC,2023-02-03 06:30:43,0,0,0,CO,P1,1.0,686231
T-57873-454887dd-c622-4bb7-9299-61d2a7a2c29e,CO-P1-1-870988,905938,2023-02-03 06:30:45,0,9.91,0.58,48571.0,2817.118,0.0,0.0,COP,4899.119,CO,cc59c499-ce71-4b6f-aab0-6a75e22f6f81,1-1-,NO ESTABA NOV,ESTABA DIC,ESTABA ENE,MD,2023-02-03 06:30:45,0,0,0,CO,P1,1.0,870988
T-57873-8a9d926c-e7c3-466b-9509-226e8964c7fe,CO-P1-1-123222,220575108,2023-02-03 06:30:46,2023-02-03 6:30:45,9.91,0.58,48571.0,2817.118,0.0,0.0,COP,4899.119,CO,3f3e5a44-6c0f-4487-bb15-15718bf40b03,1-1-,NO ESTABA NOV,ESTABA DIC,ESTABA ENE,VI,2023-02-03 06:30:46,0,0,0,CO,P1,1.0,123222
T-57873-3f1665fc-a9a2-4dfa-9c63-4a797518cd1d,CO-P1-1-195334,0,2023-02-04 03:09:48,0,9.75,0.57,48571.0,2817.118,0.0,0.0,COP,4982.519,CO,c80577d0-7eb3-42fc-a4ed-76afaad5f0fb,1-1-,NO ESTABA NOV,NO ESTABA DIC,NO ESTABA ENE,MD,2023-02-04 03:09:48,0,0,0,CO,P1,1.0,195334
T-57873-269e0589-5621-4acb-a135-2da7acb486d8,CO-P1-1-126880,0,2023-02-04 03:14:09,0,9.75,0.57,48571.0,2817.118,0.0,0.0,COP,4982.519,CO,c80577d0-7eb3-42fc-a4ed-76afaad5f0fb,1-1-,NO ESTABA NOV,NO ESTABA DIC,NO ESTABA ENE,MD,2023-02-04 03:14:09,0,0,0,CO,P1,1.0,126880
T-57873-3b8fe46a-be9e-4bcd-bfa9-7520eef6e36b,CO-P1-1-784138,228688,2023-02-04 03:22:48,2023-02-04 3:22:48,9.75,0.57,48571.0,2817.118,0.0,0.0,COP,4982.519,CO,c80577d0-7eb3-42fc-a4ed-76afaad5f0fb,1-1-,NO ESTABA NOV,NO ESTABA DIC,NO ESTABA ENE,MD,2023-02-04 03:22:48,0,0,0,CO,P1,1.0,784138
T-57873-f280baa3-1fb5-4015-9e1c-6226cdcacf69,CO-P1-1-973451,166862,2023-02-05 06:30:42,2023-02-05 6:30:41,9.75,0.57,48571.0,2817.118,0.0,0.0,COP,4982.541,CO,7ba18320-a1a8-11eb-9bfe-f963d7bd4b43,1-1-,NO ESTABA NOV,NO ESTABA DIC,ESTABA ENE,MC,2023-02-05 06:30:42,0,0,0,CO,P1,1.0,973451
T-57873-800994ff-e1fa-474e-9d6d-086ebc25a7ea,CO-P1-1-175155,0,2023-02-05 06:30:43,0,9.75,0.57,48571.0,2817.118,0.0,0.0,COP,4982.541,CO,cc59c499-ce71-4b6f-aab0-6a75e22f6f81,1-1-,NO ESTABA NOV,ESTABA DIC,ESTABA ENE,MD,2023-02-05 06:30:43,0,0,0,CO,P1,1.0,175155
T-57873-76f1f60d-f196-404b-9faa-643e756005e6,CO-P1-1-884572,367304,2023-02-05 17:15:55,2023-02-05 17:15:55,9.75,0.57,48571.0,2817.118,0.0,0.0,COP,4982.541,CO,de0abbcf-2dc4-4ed2-8914-53be5baa8eb0,1-1-,NO ESTABA NOV,NO ESTABA DIC,NO ESTABA ENE,MD,2023-02-05 17:15:55,0,0,0,CO,P1,1.0,884572
T-57873-ac241bf0-a28e-415a-84c2-ed6ac98d1fb8,CO-P1-1-584065,854028,2023-02-05 20:01:58,2023-02-05 20:01:57,9.75,0.57,48571.0,2817.118,0.0,0.0,COP,4982.541,CO,7ce692c5-4a00-4277-b130-c2aa7f427cb3,1-1-,NO ESTABA NOV,NO ESTABA DIC,NO ESTABA ENE,MD,2023-02-05 20:01:58,0,0,0,CO,P1,1.0,584065
T-57873-a82e6c20-eaf1-434d-9ca9-8656c5e89554,CO-P1-1-861192,325558621,2023-02-05 22:45:47,2023-02-05 22:45:47,9.75,0.57,48571.0,2817.118,0.0,0.0,COP,4982.541,CO,288c4010-ad91-11eb-9084-251d9829bbbf,1-1-,NO ESTABA NOV,NO ESTABA DIC,NO ESTABA ENE,VD,2023-02-05 22:45:47,0,0,0,CO,P1,1.0,861192
T-57873-72fde0cf-6257-42b6-9478-2dca75900b3a,CO-P1-1-478225,325627297,2023-02-06 06:30:46,2023-02-06 6:30:45,9.75,0.57,48571.0,2817.118,0.0,0.0,COP,4982.541,CO,548cde99-bea1-46c2-a2e2-fa545565686e,1-1-,NO ESTABA NOV,NO ESTABA DIC,ESTABA ENE,VI,2023-02-06 06:30:46,0,0,0,CO,P1,1.0,478225
T-57873-5a3817e7-a51b-46e2-b533-89f9cba98ca9,CO-P1-1-362614,427382,2023-02-06 20:53:07,2023-02-06 20:53:06,9.57,0.55,48571.0,2817.118,0.0,0.0,COP,5077.368,CO,cc59c499-ce71-4b6f-aab0-6a75e22f6f81,1-1-,NO ESTABA NOV,ESTABA DIC,ESTABA ENE,MD,2023-02-06 20:53:07,0,0,0,CO,P1,1.0,362614
T-57873-85a6f304-7e9a-4e67-aaee-f7576f1312bf,CO-P1-1-465203,325790968,2023-02-07 00:14:26,0,9.57,0.55,48571.0,2817.118,0.0,0.0,COP,5077.368,CO,a5624c60-5fa1-11ec-abe8-11fd304dd41e,1-1-,ESTABA NOV,ESTABA DIC,NO ESTABA ENE,VI,2023-02-07 00:14:26,0,0,0,CO,P1,1.0,465203
T-57873-26191dce-c831-4907-91d3-fbc0c75e75fe,CO-P1-1-516327,325791232,2023-02-07 00:15:37,2023-02-07 0:15:37,9.57,0.55,48571.0,2817.118,0.0,0.0,COP,5077.368,CO,a5624c60-5fa1-11ec-abe8-11fd304dd41e,1-1-,ESTABA NOV,ESTABA DIC,NO ESTABA ENE,VD,2023-02-07 00:15:37,0,0,0,CO,P1,1.0,516327
T-57873-d458a724-2335-4434-82f5-b1631520caf4,CO-P1-1-582652,487047,2023-02-07 02:25:55,2023-02-07 2:25:54,9.57,0.55,48571.0,2817.118,0.0,0.0,COP,5077.368,CO,c9027480-8920-11eb-ac7a-1701907c97bc,1-1-,NO ESTABA NOV,NO ESTABA DIC,NO ESTABA ENE,MD,2023-02-07 02:25:55,0,0,0,CO,P1,1.0,582652
T-57873-5d050f3f-a3f4-4cbf-8b87-2966b884bb0e,CO-P1-1-828858,977740,2023-02-07 06:30:43,2023-02-07 6:30:43,9.57,0.55,48571.0,2817.118,0.0,0.0,COP,5077.368,CO,2457e0fa-7e8b-4839-9212-8282cca59b7d,1-1-,NO ESTABA NOV,ESTABA DIC,ESTABA ENE,MD,2023-02-07 06:30:43,0,0,0,CO,P1,1.0,828858
T-57873-ac64a42c-26b0-48d2-b832-56f169f59b0c,CO-P1-1-268274,326025062,2023-02-08 06:30:44,0,9.69,0.56,48571.0,2817.118,0.0,0.0,COP,5014.319,CO,56e897a3-ab1d-46d4-81ea-60fcd2863038,1-1-,NO ESTABA NOV,NO ESTABA DIC,ESTABA ENE,VD,2023-02-08 06:30:44,0,0,0,CO,P1,1.0,268274
T-57873-114bbc3e-43a6-4522-ae52-263d86a167b5,CO-P1-1-360383,326214575,2023-02-09 06:30:45,2023-02-09 6:30:44,9.62,0.56,48571.0,2817.118,0.0,0.0,COP,5050.359,CO,4c92a6c0-e455-11eb-91ef-65ee5086c1c0,1-1-,NO ESTABA NOV,NO ESTABA DIC,ESTABA ENE,VD,2023-02-09 06:30:45,0,0,0,CO,P1,1.0,360383
T-57873-4f53a931-cd4c-4cf3-93d3-0126514ef16b,CO-P1-1-487124,893403,2023-02-09 18:19:20,2023-02-09 18:19:20,9.67,0.56,48571.0,2817.118,0.0,0.0,COP,5022.556,CO,bfeb5170-ff13-4b84-84c1-75645e41d017,1-1-,NO ESTABA NOV,NO ESTABA DIC,NO ESTABA ENE,MD,2023-02-09 18:19:20,0,0,0,CO,P1,1.0,487124
T-57873-194953c9-222a-42ff-90b8-92bba9cfec79,CO-P1-1-386770,976655,2023-02-09 18:50:49,2023-02-09 18:50:49,9.67,0.56,48571.0,2817.118,0.0,0.0,COP,5022.556,CO,14ab588a-b407-49a3-bb7c-f91db13d90e2,1-1-,NO ESTABA NOV,NO ESTABA DIC,NO ESTABA ENE,MC,2023-02-09 18:50:49,0,0,0,CO,P1,1.0,386770
T-57873-f318f26a-9ff6-4ed9-ac92-3b7127ac1694,CO-P1-1-279571,0,2023-02-10 06:30:43,0,9.67,0.56,48571.0,2817.118,0.0,0.0,COP,5022.556,CO,605a5e2d-d558-4a13-bb11-610cfd36d6b9,1-1-,NO ESTABA NOV,NO ESTABA DIC,ESTABA ENE,MD,2023-02-10 06:30:43,0,0,0,CO,P1,1.0,279571
T-57873-f82517da-b81d-4517-b013-6e8fa93034dd,CO-P1-1-862686,221212947,2023-02-10 06:30:44,0,9.67,0.56,48571.0,2817.118,0.0,0.0,COP,5022.556,CO,56e897a3-ab1d-46d4-81ea-60fcd2863038,1-1-,NO ESTABA NOV,NO ESTABA DIC,ESTABA ENE,VD,2023-02-10 06:30:44,0,0,0,CO,P1,1.0,862686
T-57873-8168fb99-2473-4cbd-97e0-1bc74fe6b46e,CO-P1-1-939926,221330303,2023-02-11 06:30:46,2023-02-11 6:30:45,9.54,0.55,48571.0,2817.118,0.0,0.0,COP,5089.972,CO,2c48ee51-d516-4d98-9075-b6b7a1f57101,1-1-,NO ESTABA NOV,ESTABA DIC,ESTABA ENE,VI,2023-02-11 06:30:46,0,0,0,CO,P1,1.0,939926
T-57873-5ed9e2a5-c05a-4fcc-af60-7a8ec8ea60a2,CO-P1-1-464538,911351,2023-02-12 06:30:43,2023-02-12 6:30:42,9.54,0.55,48571.0,2817.118,0.0,0.0,COP,5089.972,CO,605a5e2d-d558-4a13-bb11-610cfd36d6b9,1-1-,NO ESTABA NOV,NO ESTABA DIC,ESTABA ENE,MD,2023-02-12 06:30:43,0,0,0,CO,P1,1.0,464538
T-57873-96e970dc-47e8-438f-9729-b77c7238e16e,CO-P1-1-503720,0,2023-02-13 06:30:44,0,9.54,0.55,48571.0,2817.118,0.0,0.0,COP,5089.95,CO,032e46d0-587a-11ec-8104-bba4c578e632,1-1-,NO ESTABA NOV,ESTABA DIC,ESTABA ENE,MC,2023-02-13 06:30:44,0,0,0,CO,P1,1.0,503720
T-57873-a481a123-78aa-4ecc-a53b-77fcc88d5a01,CO-P1-1-979673,405310,2023-02-14 06:30:42,2023-02-14 6:30:41,9.57,0.55,48571.0,2817.118,0.0,0.0,COP,5077.411,CO,65c6e7c2-ed5d-469f-8d9e-f4676da84f76,1-1-,NO ESTABA NOV,NO ESTABA DIC,ESTABA ENE,MC,2023-02-14 06:30:42,0,0,0,CO,P1,1.0,979673
T-57873-b7ef9c02-2b7b-4fa9-b149-e6adf4c7ae97,CO-P1-1-428776,327192760,2023-02-14 20:35:44,2023-02-14 20:35:43,9.53,0.55,48571.0,2817.118,0.0,0.0,COP,5094.106,CO,7098f5d0-4cb7-11ec-9fbc-6d84a505ade8,1-1-,NO ESTABA NOV,NO ESTABA DIC,NO ESTABA ENE,VI,2023-02-14 20:35:44,0,0,0,CO,P1,1.0,428776
T-57873-735d70d7-60fd-43a3-bf42-498ac850b876,CO-P1-1-419924,41921,2023-02-15 06:30:44,2023-02-15 6:30:43,9.53,0.55,48571.0,2817.118,0.0,0.0,COP,5094.084,CO,f1245140-3942-11ec-8c8a-4dfe4ef5b26b,1-1-,NO ESTABA NOV,NO ESTABA DIC,ESTABA ENE,MD,2023-02-15 06:30:44,0,0,0,CO,P1,1.0,419924
T-57873-02790b5b-7e03-4f0a-9f28-b23bdc3da42a,CO-P1-1-420469,0,2023-02-15 06:30:45,0,9.53,0.55,48571.0,2817.118,0.0,0.0,COP,5094.084,CO,032e46d0-587a-11ec-8104-bba4c578e632,1-1-,NO ESTABA NOV,ESTABA DIC,ESTABA ENE,MC,2023-02-15 06:30:45,0,0,0,CO,P1,1.0,420469
T-57873-dae5cc80-921a-4c62-88ec-1052807c9c70,CO-P1-1-342973,0,2023-02-16 06:30:44,0,9.29,0.54,48571.0,2817.118,0.0,0.0,COP,5226.712,CO,075d02b0-c46d-11eb-b747-9f1b81eaed9f,1-1-,ESTABA NOV,ESTABA DIC,ESTABA ENE,MD,2023-02-16 06:30:44,0,0,0,CO,P1,1.0,342973
T-57873-0efe90e4-247e-4603-9938-58cbde3c106c,CO-P1-1-100293,222013296,2023-02-16 06:30:45,2023-02-16 6:30:45,9.29,0.54,48571.0,2817.118,0.0,0.0,COP,5226.712,CO,607aeac9-4952-4d0f-a747-964cc04cfa4a,1-1-,ESTABA NOV,ESTABA DIC,ESTABA ENE,VD,2023-02-16 06:30:45,0,0,0,CO,P1,1.0,100293
T-57873-5dd7b347-9bdc-4c04-a73b-e27545d3a5e5,CO-P1-1-189864,508238,2023-02-16 06:30:45,2023-02-16 6:30:44,9.29,0.54,48571.0,2817.118,0.0,0.0,COP,5226.712,CO,e6223ff6-b93d-4d42-978e-f37bd6366c2a,1-1-,NO ESTABA NOV,NO ESTABA DIC,ESTABA ENE,MD,2023-02-16 06:30:45,0,0,0,CO,P1,1.0,189864
T-57873-e59ba0cc-01e6-4a2a-876c-3954651f50ec,CO-P1-1-909962,0,2023-02-17 03:44:57,0,9.29,0.54,48571.0,2817.118,0.0,0.0,COP,5225.948,CO,ec6f8a40-2ea1-11ec-8f1d-db5aafe3697e,1-1-,NO ESTABA NOV,NO ESTABA DIC,NO ESTABA ENE,VD,2023-02-17 03:44:57,0,0,0,CO,P1,1.0,909962
T-57873-fd6830bf-471f-41ff-899c-e51b92d9f5b9,CO-P1-1-727107,0,2023-02-17 03:45:16,0,9.29,0.54,48571.0,2817.118,0.0,0.0,COP,5225.948,CO,ec6f8a40-2ea1-11ec-8f1d-db5aafe3697e,1-1-,NO ESTABA NOV,NO ESTABA DIC,NO ESTABA ENE,VD,2023-02-17 03:45:16,0,0,0,CO,P1,1.0,727107
T-57873-1c14f985-a1e7-4f7f-8bc1-beff5db1e056,CO-P1-1-786575,163254,2023-02-17 06:30:42,2023-02-17 6:30:41,9.29,0.54,48571.0,2817.118,0.0,0.0,COP,5225.948,CO,26e57914-d91f-4017-974c-4608ac01b053,1-1-,NO ESTABA NOV,NO ESTABA DIC,ESTABA ENE,MC,2023-02-17 06:30:42,0,0,0,CO,P1,1.0,786575
T-57873-5385fa5a-606f-49d5-9d19-9d45ebd5b37e,CO-P1-1-562126,163255,2023-02-17 06:30:43,2023-02-17 6:30:42,9.29,0.54,48571.0,2817.118,0.0,0.0,COP,5225.948,CO,08a83fd4-553d-4474-8cd4-218c2d379260,1-1-,NO ESTABA NOV,NO ESTABA DIC,ESTABA ENE,MD,2023-02-17 06:30:43,0,0,0,CO,P1,1.0,562126
T-57873-d386cf94-1a6f-42ee-8423-b623cfa1ec43,CO-P1-1-158964,163248,2023-02-17 06:30:43,2023-02-17 6:30:42,9.29,0.54,48571.0,2817.118,0.0,0.0,COP,5225.948,CO,531c9c70-8643-11ec-9529-49c55366c91f,1-1-,NO ESTABA NOV,NO ESTABA DIC,ESTABA ENE,MD,2023-02-17 06:30:43,0,0,0,CO,P1,1.0,158964
T-57873-894d153b-0c6f-49a8-8d29-5b961fe27056,CO-P1-1-100857,163324,2023-02-17 06:30:44,2023-02-17 6:30:44,9.29,0.54,48571.0,2817.118,0.0,0.0,COP,5225.948,CO,0847c640-110e-11ec-adf7-83defb62b140,1-1-,ESTABA NOV,ESTABA DIC,ESTABA ENE,MD,2023-02-17 06:30:44,0,0,0,CO,P1,1.0,100857
T-57873-cd04dce1-3548-410e-ad3e-274320fa7979,CO-P1-1-404903,222268967,2023-02-17 06:30:45,2023-02-17 6:30:45,9.29,0.54,48571.0,2817.118,0.0,0.0,COP,5225.948,CO,d4e371b0-7be7-11eb-9883-25d0e34be10c,1-1-,ESTABA NOV,ESTABA DIC,ESTABA ENE,VD,2023-02-17 06:30:45,0,0,0,CO,P1,1.0,404903
T-57873-de2292cf-5d53-4d32-9735-5097fdcb523e,CO-P1-1-231837,222268966,2023-02-17 06:30:45,2023-02-17 6:30:44,9.29,0.54,48571.0,2817.118,0.0,0.0,COP,5225.948,CO,5b7fad3b-6c0f-48b9-8637-f4c85a8fbb9d,1-1-,ESTABA NOV,ESTABA DIC,ESTABA ENE,VD,2023-02-17 06:30:45,0,0,0,CO,P1,1.0,231837
T-57873-6bb5412e-a1ea-45b6-9f8e-ce3ec4a80dd9,CO-P1-1-216900,163326,2023-02-17 06:30:45,2023-02-17 6:30:44,9.29,0.54,48571.0,2817.118,0.0,0.0,COP,5225.948,CO,8fbf1d40-3764-11ec-8461-897519430930,1-1-,ESTABA NOV,ESTABA DIC,ESTABA ENE,MD,2023-02-17 06:30:45,0,0,0,CO,P1,1.0,216900
T-57873-5c76013e-3261-4ece-8efd-11fec279ef91,CO-P1-1-827931,0,2023-02-17 20:21:07,0,9.33,0.54,48571.0,2817.118,0.0,0.0,COP,5208.172,CO,d8cff84a-463f-4356-bc9b-a0f44ae9dbba,1-1-,NO ESTABA NOV,NO ESTABA DIC,NO ESTABA ENE,MD,2023-02-17 20:21:07,0,0,0,CO,P1,1.0,827931
T-57873-fa2124d9-4dda-4afe-93bc-3c3892a1d8d7,CO-P1-1-499021,222415612,2023-02-17 20:22:32,2023-02-17 20:22:31,9.33,0.54,48571.0,2817.118,0.0,0.0,COP,5208.172,CO,d8cff84a-463f-4356-bc9b-a0f44ae9dbba,1-1-,NO ESTABA NOV,NO ESTABA DIC,NO ESTABA ENE,VI,2023-02-17 20:22:32,0,0,0,CO,P1,1.0,499021
T-57873-4dde359a-4228-4423-86a4-b4f5b14bc75f,CO-P1-1-361620,0,2023-02-18 06:30:42,0,9.33,0.54,48571.0,2817.118,0.0,0.0,COP,5208.172,CO,1f94a500-57b6-11eb-a124-a79a6c55fd36,1-1-,NO ESTABA NOV,NO ESTABA DIC,ESTABA ENE,MD,2023-02-18 06:30:42,0,0,0,CO,P1,1.0,361620
T-57873-e205d957-826d-49dc-a618-4f66e0ec8656,CO-P1-1-563131,222536287,2023-02-18 06:30:44,2023-02-18 6:30:44,9.33,0.54,48571.0,2817.118,0.0,0.0,COP,5208.172,CO,524ca491-0f42-4c7e-8803-7df08a20343b,1-1-,ESTABA NOV,ESTABA DIC,ESTABA ENE,AE,2023-02-18 06:30:44,0,0,0,CO,P1,1.0,563131
T-57873-f2f56d56-360f-4164-9528-af6a67db9cf5,CO-P1-1-720026,0,2023-02-18 06:30:45,0,9.33,0.54,48571.0,2817.118,0.0,0.0,COP,5208.172,CO,075d02b0-c46d-11eb-b747-9f1b81eaed9f,1-1-,ESTABA NOV,ESTABA DIC,ESTABA ENE,MD,2023-02-18 06:30:45,0,0,0,CO,P1,1.0,720026
T-57873-1b3b99a8-b557-4f4b-9ec4-3f22a94b9c5d,CO-P1-1-913099,222536285,2023-02-18 06:30:45,0,9.33,0.54,48571.0,2817.118,0.0,0.0,COP,5208.172,CO,205eb650-a19c-11eb-b561-e3ec92f8088e,1-1-,ESTABA NOV,ESTABA DIC,ESTABA ENE,VD,2023-02-18 06:30:45,0,0,0,CO,P1,1.0,913099
T-57873-3154284c-7415-497e-9e4e-4e86056f2029,CO-P1-1-545204,222674487,2023-02-18 20:54:57,2023-02-18 20:54:56,9.33,0.54,48571.0,2817.118,0.0,0.0,COP,5208.151,CO,0b5dbbbb-56d4-4358-a3a9-97a1eda754b1,1-1-,NO ESTABA NOV,NO ESTABA DIC,NO ESTABA ENE,VD,2023-02-18 20:54:57,0,0,0,CO,P1,1.0,545204
T-57873-6fcf27c1-432e-4b30-9ae1-8677e42b9be1,CO-P1-1-581383,222775156,2023-02-19 06:30:43,0,9.33,0.54,48571.0,2817.118,0.0,0.0,COP,5208.151,CO,75197ee0-f421-11eb-bca2-c7521713e8d2,1-1-,NO ESTABA NOV,NO ESTABA DIC,ESTABA ENE,VD,2023-02-19 06:30:43,0,0,0,CO,P1,1.0,581383
T-57873-311dabea-7942-4806-a855-21cd81c87ca5,CO-P1-1-412695,578431,2023-02-19 06:30:44,2023-02-19 6:30:43,9.33,0.54,48571.0,2817.118,0.0,0.0,COP,5208.151,CO,b7359f80-23a0-11ec-9918-918a0f97d5a0,1-1-,ESTABA NOV,ESTABA DIC,ESTABA ENE,MD,2023-02-19 06:30:44,0,0,0,CO,P1,1.0,412695
T-57873-3be2fd41-bd13-4ea9-a9e3-a2db974f2c69,CO-P1-1-469685,0,2023-02-20 06:30:44,0,9.33,0.54,48571.0,2817.118,0.0,0.0,COP,5208.151,CO,1f94a500-57b6-11eb-a124-a79a6c55fd36,1-1-,NO ESTABA NOV,NO ESTABA DIC,ESTABA ENE,MD,2023-02-20 06:30:44,0,0,0,CO,P1,1.0,469685
T-57873-f896fc09-af13-468b-ad7d-dab1a3bf9eff,CO-P1-1-522040,327711563,2023-02-20 06:30:45,2023-02-20 6:30:45,9.33,0.54,48571.0,2817.118,0.0,0.0,COP,5208.151,CO,27253a8d-db6e-453d-ba2b-bd3555e91626,1-1-,ESTABA NOV,ESTABA DIC,ESTABA ENE,VI,2023-02-20 06:30:45,0,0,0,CO,P1,1.0,522040
T-57873-929397ea-704e-4c77-a0ad-418c1c448286,CO-P1-1-733962,327711564,2023-02-20 06:30:45,2023-02-20 6:30:44,9.33,0.54,48571.0,2817.118,0.0,0.0,COP,5208.151,CO,18e514fd-49e5-4cd1-9be0-f36fd7b74b93,1-1-,NO ESTABA NOV,ESTABA DIC,ESTABA ENE,VI,2023-02-20 06:30:45,0,0,0,CO,P1,1.0,733962
T-57873-d5a2982f-252c-4bfa-bf14-42513881234d,CO-P1-1-424190,222946241,2023-02-20 06:30:46,0,9.33,0.54,48571.0,2817.118,0.0,0.0,COP,5208.151,CO,7c76b0d5-5dab-4961-bdff-4d8c47c0052c,1-1-,NO ESTABA NOV,ESTABA DIC,ESTABA ENE,VI,2023-02-20 06:30:46,0,0,0,CO,P1,1.0,424190
T-57873-b8a04a06-8417-4377-9482-b01ba0557037,CO-P1-1-939077,327711566,2023-02-20 06:30:47,2023-02-20 6:30:46,9.33,0.54,48571.0,2817.118,0.0,0.0,COP,5208.151,CO,205eb650-a19c-11eb-b561-e3ec92f8088e,1-1-,ESTABA NOV,ESTABA DIC,ESTABA ENE,VD,2023-02-20 06:30:47,0,0,0,CO,P1,1.0,939077
T-57873-01863cfb-90fb-48f4-bee3-af4e667c9998,CO-P1-1-636562,439698,2023-02-21 00:53:03,2023-02-21 0:53:02,9.32,0.54,48571.0,2817.118,0.0,0.0,COP,5211.882,CO,51a6f233-1ca6-4f05-8b1b-853ea269cf1e,1-1-,NO ESTABA NOV,NO ESTABA DIC,NO ESTABA ENE,MD,2023-02-21 00:53:03,0,0,0,CO,P1,1.0,636562
T-57873-8a400a63-854d-4f91-8466-60a1b106b658,CO-P1-1-729037,0,2023-02-21 06:30:42,0,9.32,0.54,48571.0,2817.118,0.0,0.0,COP,5211.882,CO,4f888aaa-0645-47ba-92f4-3c99268e393d,1-1-,NO ESTABA NOV,NO ESTABA DIC,ESTABA ENE,MC,2023-02-21 06:30:42,0,0,0,CO,P1,1.0,729037
T-57873-31db66e4-e5aa-49a1-b966-840ee59a467d,CO-P1-1-506012,327894288,2023-02-21 06:30:43,2023-02-21 6:30:42,9.32,0.54,48571.0,2817.118,0.0,0.0,COP,5211.882,CO,30de291f-6765-4c65-81eb-551cdd05c08c,1-1-,NO ESTABA NOV,NO ESTABA DIC,ESTABA ENE,VD,2023-02-21 06:30:43,0,0,0,CO,P1,1.0,506012
T-57873-1e18ca18-661a-4a06-874a-3856029540e9,CO-P1-1-398666,327894290,2023-02-21 06:30:44,2023-02-21 6:30:43,9.32,0.54,48571.0,2817.118,0.0,0.0,COP,5211.882,CO,91ee2924-b526-45ed-b970-7d6ab91403fe,1-1-,ESTABA NOV,ESTABA DIC,ESTABA ENE,VI,2023-02-21 06:30:44,0,0,0,CO,P1,1.0,398666
T-57873-1a2a9adc-852d-4e4f-9f53-478d25363e73,CO-P1-1-707433,327894289,2023-02-21 06:30:44,0,9.32,0.54,48571.0,2817.118,0.0,0.0,COP,5211.882,CO,75197ee0-f421-11eb-bca2-c7521713e8d2,1-1-,NO ESTABA NOV,NO ESTABA DIC,ESTABA ENE,VD,2023-02-21 06:30:44,0,0,0,CO,P1,1.0,707433
T-57873-81ba9e8d-740a-4029-8f83-31e3958afbd4,CO-P1-1-325513,168275,2023-02-21 15:24:28,2023-02-21 15:24:27,9.24,0.54,48571.0,2817.118,0.0,0.0,COP,5255.226,CO,075d02b0-c46d-11eb-b747-9f1b81eaed9f,1-1-,ESTABA NOV,ESTABA DIC,ESTABA ENE,MD,2023-02-21 15:24:28,0,0,0,CO,P1,1.0,325513
T-57873-06758032-3309-412f-a741-e6803346d474,CO-P1-1-623952,327961079,2023-02-21 16:41:46,2023-02-21 16:41:46,9.23,0.54,48571.0,2817.118,0.0,0.0,COP,5259.762,CO,75197ee0-f421-11eb-bca2-c7521713e8d2,1-1-,NO ESTABA NOV,NO ESTABA DIC,ESTABA ENE,VD,2023-02-21 16:41:46,0,0,0,CO,P1,1.0,623952
T-57873-be880277-4b96-4c17-ab6a-f5ecdf92ff93,CO-P1-1-598164,0,2023-02-22 06:30:43,0,9.23,0.54,48571.0,2817.118,0.0,0.0,COP,5263.059,CO,eeeffa20-5f35-11ec-8097-0ff078f8d394,1-1-,NO ESTABA NOV,ESTABA DIC,ESTABA ENE,MD,2023-02-22 06:30:43,0,0,0,CO,P1,1.0,598164
T-57873-14fc95d3-b655-481c-9aaa-6435c3d5b8eb,CO-P1-1-595049,223250427,2023-02-22 06:30:44,2023-02-22 6:30:43,9.23,0.54,48571.0,2817.118,0.0,0.0,COP,5263.059,CO,7c76b0d5-5dab-4961-bdff-4d8c47c0052c,1-1-,NO ESTABA NOV,ESTABA DIC,ESTABA ENE,VI,2023-02-22 06:30:44,0,0,0,CO,P1,1.0,595049
T-57873-5beb2301-b191-4c29-814d-4cb3a19a40d0,CO-P1-1-967303,0,2023-02-22 06:30:47,0,9.23,0.54,48571.0,2817.118,0.0,0.0,COP,5263.059,CO,299413e0-7ad1-11ec-a305-f9f354161a64,1-1-,ESTABA NOV,ESTABA DIC,ESTABA ENE,MC,2023-02-22 06:30:47,0,0,0,CO,P1,1.0,967303
T-57873-0a21259f-c300-499c-93e2-4de47cb4f7da,CO-P1-1-101829,805746,2023-02-22 16:55:48,2023-02-22 16:55:47,9.3,0.54,48571.0,2817.118,0.0,0.0,COP,5221.094,CO,1f94a500-57b6-11eb-a124-a79a6c55fd36,1-1-,NO ESTABA NOV,NO ESTABA DIC,ESTABA ENE,MD,2023-02-22 16:55:48,0,0,0,CO,P1,1.0,101829
T-57873-d49612dc-ba54-4bc6-ae8c-ca6e7f784000,CO-P1-1-822968,972458,2023-02-22 23:37:42,2023-02-22 23:37:41,9.35,0.54,48571.0,2817.118,0.0,0.0,COP,5195.972,CO,4cc883c6-7e37-493d-8cdd-22ad4da92e4e,1-1-,NO ESTABA NOV,NO ESTABA DIC,NO ESTABA ENE,MD,2023-02-22 23:37:42,0,0,0,CO,P1,1.0,822968
T-57873-19a4e614-e36b-423d-b21e-3a4880134e98,CO-P1-1-488291,0,2023-02-23 06:30:42,0,9.35,0.54,48571.0,2817.118,0.0,0.0,COP,5195.972,CO,4f888aaa-0645-47ba-92f4-3c99268e393d,1-1-,NO ESTABA NOV,NO ESTABA DIC,ESTABA ENE,MC,2023-02-23 06:30:42,0,0,0,CO,P1,1.0,488291
T-57873-1292a191-3efc-4aee-97b0-3d40ef0defde,CO-P1-1-583392,223403291,2023-02-23 06:30:43,0,9.35,0.54,48571.0,2817.118,0.0,0.0,COP,5195.972,CO,1d193f30-236f-4207-bdae-657cbe9a4fb4,1-1-,NO ESTABA NOV,NO ESTABA DIC,ESTABA ENE,VD,2023-02-23 06:30:43,0,0,0,CO,P1,1.0,583392
T-57873-38ffc7d9-faa5-4063-9ed9-976d43ca4d77,CO-P1-1-395849,328238152,2023-02-23 06:30:45,2023-02-23 6:30:44,9.35,0.54,48571.0,2817.118,0.0,0.0,COP,5195.972,CO,76692277-bf7c-4d98-9282-cfe1dcc9bbfe,1-1-,NO ESTABA NOV,NO ESTABA DIC,ESTABA ENE,VD,2023-02-23 06:30:45,0,0,0,CO,P1,1.0,395849
T-57873-6518513f-82d6-437a-b3ea-62f1e7d2d5fe,CO-P1-1-891837,0,2023-02-24 03:36:52,0,9.42,0.55,48571.0,2817.118,0.0,0.0,COP,5154.886,CO,ff604f9f-4cb5-4ba8-9954-3f701702ce83,1-1-,NO ESTABA NOV,NO ESTABA DIC,NO ESTABA ENE,VD,2023-02-24 03:36:52,0,0,0,CO,P1,1.0,891837
T-57873-388eb59d-9eb2-4cc5-bd69-8bff87bff853,CO-P1-1-428555,0,2023-02-24 03:37:39,0,9.42,0.55,48571.0,2817.118,0.0,0.0,COP,5154.886,CO,ff604f9f-4cb5-4ba8-9954-3f701702ce83,1-1-,NO ESTABA NOV,NO ESTABA DIC,NO ESTABA ENE,VD,2023-02-24 03:37:39,0,0,0,CO,P1,1.0,428555
T-57873-915e6478-9d09-481b-a88b-2fd5819ca0c4,CO-P1-1-154785,0,2023-02-24 03:38:11,0,9.42,0.55,48571.0,2817.118,0.0,0.0,COP,5154.886,CO,ff604f9f-4cb5-4ba8-9954-3f701702ce83,1-1-,NO ESTABA NOV,NO ESTABA DIC,NO ESTABA ENE,VD,2023-02-24 03:38:11,0,0,0,CO,P1,1.0,154785
T-57873-a8fe9857-6ca5-439f-9e61-7645bcfc02df,CO-P1-1-586500,0,2023-02-24 03:39:04,0,9.42,0.55,48571.0,2817.118,0.0,0.0,COP,5154.886,CO,ff604f9f-4cb5-4ba8-9954-3f701702ce83,1-1-,NO ESTABA NOV,NO ESTABA DIC,NO ESTABA ENE,VD,2023-02-24 03:39:04,0,0,0,CO,P1,1.0,586500
T-57873-8260531a-7011-424b-af63-95ee4ad595d8,CO-P1-1-306328,178617,2023-02-24 03:40:38,2023-02-24 3:40:37,9.42,0.55,48571.0,2817.118,0.0,0.0,COP,5154.886,CO,ff604f9f-4cb5-4ba8-9954-3f701702ce83,1-1-,NO ESTABA NOV,NO ESTABA DIC,NO ESTABA ENE,MC,2023-02-24 03:40:38,0,0,0,CO,P1,1.0,306328
T-57873-a3dfa958-0e56-4469-be26-2aad38825ddc,CO-P1-1-347026,496585,2023-02-24 06:30:43,2023-02-24 6:30:43,9.42,0.55,48571.0,2817.118,0.0,0.0,COP,5154.886,CO,53a9be9d-1557-4529-bb90-87184b813cde,1-1-,NO ESTABA NOV,NO ESTABA DIC,ESTABA ENE,MD,2023-02-24 06:30:43,0,0,0,CO,P1,1.0,347026
T-57873-e79bc553-c8e6-41a0-b9ac-efe8ad293a7d,CO-P1-1-895121,0,2023-02-24 06:30:44,0,9.42,0.55,48571.0,2817.118,0.0,0.0,COP,5154.886,CO,eeeffa20-5f35-11ec-8097-0ff078f8d394,1-1-,NO ESTABA NOV,ESTABA DIC,ESTABA ENE,MD,2023-02-24 06:30:44,0,0,0,CO,P1,1.0,895121
T-57873-530ab949-70b4-4452-a16c-f88f25b1769d,CO-P1-1-403778,0,2023-02-24 06:30:56,0,9.42,0.55,48571.0,2817.118,0.0,0.0,COP,5154.886,CO,299413e0-7ad1-11ec-a305-f9f354161a64,1-1-,ESTABA NOV,ESTABA DIC,ESTABA ENE,MC,2023-02-24 06:30:56,0,0,0,CO,P1,1.0,403778
T-57873-ccc98d40-efd5-463a-83c6-3ff781eeb8fd,CO-P1-1-809069,265745,2023-02-25 00:43:41,2023-02-25 0:43:41,9.46,0.55,48571.0,2817.118,0.0,0.0,COP,5133.23,CO,4f888aaa-0645-47ba-92f4-3c99268e393d,1-1-,NO ESTABA NOV,NO ESTABA DIC,ESTABA ENE,MC,2023-02-25 00:43:41,0,0,0,CO,P1,1.0,809069
T-57873-5c8e1d99-2a2e-41eb-a52d-97c9129dd6a9,CO-P1-1-235733,328535066,2023-02-25 06:30:43,0,9.46,0.55,48571.0,2817.118,0.0,0.0,COP,5133.209,CO,1d193f30-236f-4207-bdae-657cbe9a4fb4,1-1-,NO ESTABA NOV,NO ESTABA DIC,ESTABA ENE,VD,2023-02-25 06:30:43,0,0,0,CO,P1,1.0,235733
T-57873-de506d4d-3990-4a2c-ac65-928cc683dab0,CO-P1-1-169464,328535065,2023-02-25 06:30:43,2023-02-25 6:30:43,9.46,0.55,48571.0,2817.118,0.0,0.0,COP,5133.209,CO,11bab7ae-995a-469e-97ea-27a4935b7149,1-1-,NO ESTABA NOV,NO ESTABA DIC,ESTABA ENE,VI,2023-02-25 06:30:43,0,0,0,CO,P1,1.0,169464
T-57873-dfea70d1-10e2-4e01-a530-0fbc617f1cd0,CO-P1-1-376699,0,2023-02-26 06:30:43,0,9.46,0.55,48571.0,2817.118,0.0,0.0,COP,5133.209,CO,2024b75e-2b4d-46ab-a513-29807dfdfbdf,1-1-,NO ESTABA NOV,NO ESTABA DIC,ESTABA ENE,MD,2023-02-26 06:30:43,0,0,0,CO,P1,1.0,376699
T-57873-2cd3322b-f01e-416c-8df1-4a0c4b888788,CO-P1-1-953089,0,2023-02-26 06:30:43,0,9.46,0.55,48571.0,2817.118,0.0,0.0,COP,5133.209,CO,7294844c-50f9-4968-91be-16ec7f2d027b,1-1-,ESTABA NOV,ESTABA DIC,ESTABA ENE,MD,2023-02-26 06:30:43,0,0,0,CO,P1,1.0,953089
T-57873-2ccf54b1-2c44-41d4-8e7b-ce5b947ab4fd,CO-P1-1-756434,224264609,2023-02-27 22:01:18,0,9.61,0.56,48571.0,2817.118,0.0,0.0,COP,5053.826,CO,b645fb20-86b9-11ec-be3b-a9473e56d7c5,1-1-,NO ESTABA NOV,NO ESTABA DIC,NO ESTABA ENE,VI,2023-02-27 22:01:18,0,0,0,CO,P1,1.0,756434
T-57873-537caba7-f8e7-4d4b-b98b-4eb9e0f25f6c,CO-P1-1-717113,224264903,2023-02-27 22:02:31,0,9.61,0.56,48571.0,2817.118,0.0,0.0,COP,5053.826,CO,b645fb20-86b9-11ec-be3b-a9473e56d7c5,1-1-,NO ESTABA NOV,NO ESTABA DIC,NO ESTABA ENE,VI,2023-02-27 22:02:31,0,0,0,CO,P1,1.0,717113
T-57873-4ec275b9-6dab-4d6c-958e-c9c786c07abe,CO-P1-1-760355,729605,2023-02-27 22:23:58,2023-02-27 22:23:57,9.61,0.56,48571.0,2817.118,0.0,0.0,COP,5053.826,CO,299413e0-7ad1-11ec-a305-f9f354161a64,1-1-,ESTABA NOV,ESTABA DIC,ESTABA ENE,MC,2023-02-27 22:23:58,0,0,0,CO,P1,1.0,760355
T-57873-2ab49893-5df3-4fa3-90d9-ec0a4358b624,CO-P1-1-804423,291601,2023-02-28 05:57:01,2023-02-28 5:57:00,9.61,0.56,48571.0,2817.118,0.0,0.0,COP,5053.826,CO,f11515da-4a1a-46fa-8079-0a2cf31b82b8,1-1-,NO ESTABA NOV,NO ESTABA DIC,NO ESTABA ENE,MD,2023-02-28 05:57:01,0,0,0,CO,P1,1.0,804423
T-57873-0f5ede5d-5518-42f0-9454-36b088555e58,CO-P1-1-664715,224356807,2023-02-28 06:30:43,0,9.61,0.56,48571.0,2817.118,0.0,0.0,COP,5053.826,CO,8c116940-3c9f-11ec-b20e-f380c0671952,1-1-,NO ESTABA NOV,NO ESTABA DIC,ESTABA ENE,VI,2023-02-28 06:30:43,0,0,0,CO,P1,1.0,664715
T-57873-4a5ec9e6-4ed8-4aee-abff-dab7d07af1ec,CO-P1-1-291178,0,2023-02-28 06:30:43,0,9.61,0.56,48571.0,2817.118,0.0,0.0,COP,5053.826,CO,2024b75e-2b4d-46ab-a513-29807dfdfbdf,1-1-,NO ESTABA NOV,NO ESTABA DIC,ESTABA ENE,MD,2023-02-28 06:30:43,0,0,0,CO,P1,1.0,291178
T-57873-de3619cd-559f-4533-b4f2-725adbf5da11,CO-P1-1-780160,328903415,2023-02-28 06:30:43,0,9.61,0.56,48571.0,2817.118,0.0,0.0,COP,5053.826,CO,7a2e6ac7-e660-4a08-82e4-498d4c994ee8,1-1-,NO ESTABA NOV,NO ESTABA DIC,ESTABA ENE,VI,2023-02-28 06:30:43,0,0,0,CO,P1,1.0,780160
T-57873-674fea35-1a3e-4daa-86bb-723a88b6dbda,CO-P1-1-819023,0,2023-02-28 06:30:45,0,9.61,0.56,48571.0,2817.118,0.0,0.0,COP,5053.826,CO,7294844c-50f9-4968-91be-16ec7f2d027b,1-1-,ESTABA NOV,ESTABA DIC,ESTABA ENE,MD,2023-02-28 06:30:45,0,0,0,CO,P1,1.0,819023
T-57873-6fd15dcc-0307-42a8-a808-83543f72f679,CO-P1-1-699715,224428687,2023-02-28 16:25:11,2023-02-28 16:25:11,9.46,0.55,48571.0,2817.118,0.0,0.0,COP,5132.552,CO,1d193f30-236f-4207-bdae-657cbe9a4fb4,1-1-,NO ESTABA NOV,NO ESTABA DIC,ESTABA ENE,VD,2023-02-28 16:25:11,0,0,0,CO,P1,1.0,699715
T-57873-71ac1ae2-2b15-4943-acf0-bca2a9ef7fc8,CO-P1-1-624126,224438791,2023-02-28 17:08:54,2023-02-28 17:08:54,9.44,0.55,48571.0,2817.118,0.0,0.0,COP,5144.191,CO,2706bd40-72f2-11ec-acef-e1c3be6e6669,1-1-,NO ESTABA NOV,NO ESTABA DIC,NO ESTABA ENE,VI,2023-02-28 17:08:54,0,0,0,CO,P1,1.0,624126
T-57873-b543bdc7-8a17-4548-b831-5afd0f825f52,CO-P1-1-843121,329038602,2023-02-28 20:44:22,2023-02-28 20:44:21,9.41,0.55,48571.0,2817.118,0.0,0.0,COP,5160.949,CO,f5703ae5-4b3f-4532-b4f4-e604ae1cb9b1,1-1-,NO ESTABA NOV,ESTABA DIC,NO ESTABA ENE,VD,2023-02-28 20:44:22,0,0,0,CO,P1,1.0,843121
